User,Search Term,Tweet Text,Created on,Compound,Positive,Negative,Neutral,Timestamps
OjukwuStanley12,@BBC,"RT @IpobosisiomaLga: Stop dreaming!, #IPOB will never relent,all of you Yoruba media on Twitter and Facebook bearing Igbo Names,
how do you‚Ä¶",2020-05-22 09:14:42,-0.3595,0.0,0.106,0.894,1590138882
MartineGee1,@BBC,"@HollyAnnPerks1 @StarbucksUK @BBC So, in short, you don‚Äôt have the information and can‚Äôt answer the question. Embarrassing!",2020-05-22 09:14:21,-0.4389,0.0,0.153,0.847,1590138861
ed19mitch,@BBC,@YardleyShooting @BBC Forensic questions but no forensic answers.,2020-05-22 09:14:19,-0.4215,0.0,0.286,0.714,1590138859
eyehandman,@BBC,"RT @GlassAnimals: the bbc asked me to play some instruments on my stoop. so naturally i put on my overalls
for the occasion. thank u @BBC.‚Ä¶",2020-05-22 09:13:57,0.5994,0.17,0.0,0.83,1590138837
jameseonline,@BBC,"RT @BBC: ‚ÄòI‚Äôd describe it like the reactions inside the sun.‚Äô

This is what it's like to live with severe anxiety.

#MentalHealth @BBC_Teac‚Ä¶",2020-05-22 09:13:54,0.1779,0.177,0.152,0.671,1590138834
IsmaAhmad77,@BBC,"RT @BBC: .@MicahRichards talks about why speaking about your feelings is a strength, not a weakness. 

@OpenUniversity #MentalHealth https:‚Ä¶",2020-05-22 09:13:53,0.6738,0.246,0.0,0.754,1590138833
franciskafriede,@BBC,"RT @Stevieleedsy: Crazy .... 45,000 views in 4 days #ITSeries
 
So happy for everyone involved üòò

Just the beginning

Imagine if we had  ba‚Ä¶",2020-05-22 09:13:33,0.7304,0.222,0.071,0.707,1590138813
DippyTango,@BBC,Fishing communities suffer as industrial fleets plunder the seas @AJEnglish  https://t.co/scydlRGRmH  DId @BBC @BBCNews mention the EU industrial fleets stripping British waters during lockdown??  Or did they cover up EU transgressions once again.  Proper reporting please.,2020-05-22 09:13:28,-0.3736,0.057,0.096,0.847,1590138808
Shantan84286034,@BBC,@BBCsarika @BBC Pls go to Bangladesh,2020-05-22 09:13:18,0.0772,0.206,0.0,0.794,1590138798
MaggieT_1979,@BBC,"It's this the @BBC defending China? The source of the disease that is bankrupting the planet into socialism? ü§îü§îü§î Of course it bloody is....because @BBCNews, just like all the rest of the üá¨üáß #MSM shitshower, are a fucking disgrace. https://t.co/iTbpGLhqMb https://t.co/ndDqLpryqz",2020-05-22 09:13:15,-0.6432,0.048,0.129,0.823,1590138795
gman5260,@BBC,@YardleyShooting @BBC You could say it helps his cause but realistically people see for them self the reality day to day and most in my experience don't watch BBC at all or take seriously anything media say.,2020-05-22 09:12:58,-0.0644,0.046,0.053,0.901,1590138778
comingupfortea,@BBC,"RT @GlassAnimals: the bbc asked me to play some instruments on my stoop. so naturally i put on my overalls
for the occasion. thank u @BBC.‚Ä¶",2020-05-22 09:12:54,0.5994,0.17,0.0,0.83,1590138774
nellcurran,@BBC,@stephangell65 @BBC @SkyNews @GMB Damn right !,2020-05-22 09:12:38,-0.4574,0.0,0.333,0.667,1590138758
ogili_harrison,@BBC,RT @IpobosisiomaLga: These are the official #FulaniSlaves imposed on Biafrans by the #Calliphate to oversea over the destruction of their o‚Ä¶,2020-05-22 09:12:09,-0.6124,0.0,0.208,0.792,1590138729
AUgwueme1,@BBC,"RT @IpobosisiomaLga: Stop dreaming!, #IPOB will never relent,all of you Yoruba media on Twitter and Facebook bearing Igbo Names,
how do you‚Ä¶",2020-05-22 09:12:05,-0.3595,0.0,0.106,0.894,1590138725
njmike731,@BBC,RT @BBC: Find out more about the BBC's focus on mental health this May: https://t.co/9Z8jrQrIck,2020-05-22 09:12:00,0.0,0.0,0.0,1.0,1590138720
HollyAnnPerks1,@BBC,@MartineGee1 @StarbucksUK @BBC 2 + 2 = 4,2020-05-22 09:11:54,0.0,0.0,0.0,1.0,1590138714
BirdyBrexit,@BBC,RT @stephangell65: Some parents are concerned about sending kids back to school. Some teachers are concerned about returning. Did @bbc @Sky‚Ä¶,2020-05-22 09:11:46,0.0,0.0,0.0,1.0,1590138706
N1bblr,@BBC,"RT @davidro51445822: @corporal_frank @BBC Been watching QT for 40 yrs, Thu evening used to be the best, QT + TW, now TW gone + QT a shamble‚Ä¶",2020-05-22 09:11:29,0.9413,0.392,0.0,0.608,1590138689
RedwoodOrginal1,@BBC,"@Activision @CallofDuty @CallofDutyUK @InfinityWard
@bbc @abcnews @CNN @ABC
@NBCNews @pbs @Twitch

#PlayApartTogether

We are #Live at 10 BST 
#HelpYourHometown
#mentalhealth

#StayAtHomeAndStaySafe

#Chat 
#Smile

@SmallStreamersC
@SmallStreamersR

https://t.co/RO9Ema0HX4 https://t.co/7iOp9RUjFM",2020-05-22 09:11:23,0.3612,0.088,0.0,0.912,1590138683
FayyazCanada,@BBC,@Marriyum_A @SKhaqanAbbasi @khawajakashif76 @ShakilRai2 @betterpakistan @blackrakh @rajawaseem1511 @sorrlly @SherniPmln @kaikausMir @najamsethi @HamidMirPAK @_Mansoor_Ali @ZABUKHARI1 @chandsitara12 @BBC @WorldBank @ADB_HQ @SanaBajwa11 @Bajwas24 @HummaSaif @immorternal1,2020-05-22 09:10:59,0.0,0.0,0.0,1.0,1590138659
jackexists,@BBC,"RT @GlassAnimals: the bbc asked me to play some instruments on my stoop. so naturally i put on my overalls
for the occasion. thank u @BBC.‚Ä¶",2020-05-22 09:10:52,0.5994,0.17,0.0,0.83,1590138652
AbvpUpendra,@BBC,"@schintu530 @BBCsarika @BBC Boss, Truth and unbiased is another name of @BBCsarika  it's her duty. If you want show everything is + in India . Pls look ABP News , Aaj Tak and other modi subsidized Media.",2020-05-22 09:10:41,0.4215,0.126,0.028,0.846,1590138641
LittlleFairy,@BBC,"RT @GlassAnimals: the bbc asked me to play some instruments on my stoop. so naturally i put on my overalls
for the occasion. thank u @BBC.‚Ä¶",2020-05-22 09:10:05,0.5994,0.17,0.0,0.83,1590138605
imnickyip,@BBC,@GlassAnimals @BBC @jbirchphoto you look perfect in those overalls,2020-05-22 09:09:51,0.5719,0.316,0.0,0.684,1590138591
acaciascps,@BBC,"RT @BBC: ‚ÄòI‚Äôd describe it like the reactions inside the sun.‚Äô

This is what it's like to live with severe anxiety.

#MentalHealth @BBC_Teac‚Ä¶",2020-05-22 09:09:35,0.1779,0.177,0.152,0.671,1590138575
MaduabuchiOnye6,@BBC,"RT @IpobosisiomaLga: Aisha Buhari is living with a little
Small boy in Aso-rock claiming that he is Buhari but he can not speak~~mazinnamdi‚Ä¶",2020-05-22 09:09:31,0.0,0.0,0.0,1.0,1590138571
BorahMena,@BBC,@Sindhanilkanth1 @BarackObama @narendramodi @HillaryClinton @Iran @HassanRouhani @theresa_may @JPN_PMO @PureNewZealand @TurnbullMalcolm @JuliaGillard @realDonaldTrump @ChinaDaily @ImranKhanPTI @BBC @RahulGandhi @priyankagandhi @ShashiTharoor @Pawankhera @RiaRevealed @SATAVRAJEEV @shaktisinhgohil @INCIndia üòÅ,2020-05-22 09:09:26,0.4588,0.1,0.0,0.9,1590138566
pugsween,@BBC,"RT @BBC_Teach: Thank you @BBC for sharing our video. üíö

#MentalHealthAwarenessWeek",2020-05-22 09:09:23,0.6486,0.346,0.0,0.654,1590138563
its_donna_bb,@BBC,RT @redsarah99: @Gaynorann46 @MettlesomeTeri @jeremycorbyn @BBC @Conservatives Really sad. üò≥üòû https://t.co/wTbnFdursu,2020-05-22 09:09:11,-0.7574,0.0,0.351,0.649,1590138551
Mickey58630673,@BBC,"@YardleyShooting @BBC Agree BBC look for any negatives regarding Boris and the Government and any positives for the left, outrageous reporting.",2020-05-22 09:09:10,0.4404,0.219,0.112,0.669,1590138550
oprhxn,@BBC,"RT @GlassAnimals: the bbc asked me to play some instruments on my stoop. so naturally i put on my overalls
for the occasion. thank u @BBC.‚Ä¶",2020-05-22 09:09:08,0.5994,0.17,0.0,0.83,1590138548
Osdok3,@BBC,@GlassAnimals @BBC @jbirchphoto your outfit tho üëÅÔ∏èüëÑüëÅÔ∏è‚ú®üåàüíó,2020-05-22 09:09:06,0.4588,0.267,0.0,0.733,1590138546
GabbarI68635090,@BBC,"@DrLeoRebello @PMOIndia @narendramodi @BillGates @WHO @rashtrapatibhvn @VPSecretariat @ndtv @BBC What happened, Leoji, you were to arrest people for not lifting lockdown! 20th May has gone by, 2 days back!

Full Gas, No Matter!",2020-05-22 09:09:05,-0.5187,0.0,0.123,0.877,1590138545
dxczi,@BBC,"RT @GlassAnimals: the bbc asked me to play some instruments on my stoop. so naturally i put on my overalls
for the occasion. thank u @BBC.‚Ä¶",2020-05-22 09:09:02,0.5994,0.17,0.0,0.83,1590138542
Balwenboy,@BBC,"RT @uk_sf_writer: I'm so sick and tired of @BBC anti-government bias, I've just turned over to ITV for the news (despite its mindless adver‚Ä¶",2020-05-22 09:08:28,-0.7506,0.077,0.282,0.641,1590138508
jamiemilton_,@BBC,"RT @GlassAnimals: the bbc asked me to play some instruments on my stoop. so naturally i put on my overalls
for the occasion. thank u @BBC.‚Ä¶",2020-05-22 09:08:26,0.5994,0.17,0.0,0.83,1590138506
LizzleByrne,@BBC,"RT @GlassAnimals: the bbc asked me to play some instruments on my stoop. so naturally i put on my overalls
for the occasion. thank u @BBC.‚Ä¶",2020-05-22 09:08:20,0.5994,0.17,0.0,0.83,1590138500
NHSHistoryDept,@BBC,"RT @BBC_Teach: Thank you @BBC for sharing our video. üíö

#MentalHealthAwarenessWeek",2020-05-22 09:08:05,0.6486,0.346,0.0,0.654,1590138485
GWillmer_PwC,@BBC,"The Joy of #Data. 120,000 data points - plotting 200 countries over 200 years, via @HansRosling @BBC

#DataVisualisation #DrillDown #VR #VirtualReality #IntelligentDigital 
https://t.co/mWEeippbDt 

@Joe_Tableau @jonandrews139",2020-05-22 09:07:59,0.5859,0.137,0.0,0.863,1590138479
IpobosisiomaLga,@BBC,"These are the official #FulaniSlaves imposed on Biafrans by the #Calliphate to oversea over the destruction of their own people,
T U F I A K W A!,
They can Never be my Elder,it is Better that I die Fighting for Biafra,
@MaziNnamdiKanu 
@GovernorIkpeazu
@DaveUmahi 
@un @eu @bbc https://t.co/taBHc5VOZw",2020-05-22 09:07:58,-0.8313,0.049,0.2,0.751,1590138478
SUSHistory2016,@BBC,"RT @BBC_Teach: Thank you @BBC for sharing our video. üíö

#MentalHealthAwarenessWeek https://t.co/0IAiH8O50g",2020-05-22 09:07:48,0.6486,0.325,0.0,0.675,1590138468
DippyTango,@BBC,"BBC News - Amazon under threat: fires, loggers and now virus https://t.co/WNzvXPhakO  The @BBC cares more about being left and throwing blame at the government than being green and throwing blame on us all. including themselves.",2020-05-22 09:07:33,-0.5423,0.107,0.187,0.706,1590138453
akapaulineblack,@BBC,"RT @BBC_Teach: Thank you @BBC for sharing our video. üíö

#MentalHealthAwarenessWeek",2020-05-22 09:07:30,0.6486,0.346,0.0,0.654,1590138450
superartist9,@BBC,RT @jbwhitesnake: ‚Å¶@BBCBreakfast‚Å© ‚Å¶‚Å¶@BBCNews‚Å© ‚Å¶@BBCScotland‚Å© ‚Å¶@BBCRadioScot‚Å© ‚Å¶@BBCGaryR‚Å© ‚Å¶@bbcpress‚Å© ‚Å¶@BBCWales‚Å© ‚Å¶@BBCNewsNI‚Å© ‚Å¶@BBCEngland‚Å©‚Ä¶,2020-05-22 09:07:27,0.0,0.0,0.0,1.0,1590138447
d_mos77,@BBC,"Hmm funny that @BBC 
#censorship #Plandemic https://t.co/BMqJk5Gq7V",2020-05-22 09:07:25,0.4404,0.326,0.0,0.674,1590138445
yurateh,@BBC,@GlassAnimals @BBC @jbirchphoto So cute,2020-05-22 09:07:21,0.5949,0.491,0.0,0.509,1590138441
Leslie_art_,@BBC,@GlassAnimals @BBC @jbirchphoto So beautiful ü•∫üíú,2020-05-22 09:07:18,0.7177,0.384,0.0,0.616,1590138438
NIGELROOTS47,@BBC,RT @LondonCalling82: @SocialM85897394 The media's relentless PC/Woke campaign and propaganda is driving otherwise moderate people undergrou‚Ä¶,2020-05-22 09:07:12,-0.2023,0.07,0.116,0.814,1590138432
yurateh,@BBC,"RT @GlassAnimals: the bbc asked me to play some instruments on my stoop. so naturally i put on my overalls
for the occasion. thank u @BBC.‚Ä¶",2020-05-22 09:07:01,0.5994,0.17,0.0,0.83,1590138421
DrownedZero,@BBC,"RT @GlassAnimals: the bbc asked me to play some instruments on my stoop. so naturally i put on my overalls
for the occasion. thank u @BBC.‚Ä¶",2020-05-22 09:07:00,0.5994,0.17,0.0,0.83,1590138420
CBEPXYMHAR,@BBC,"RT @GlassAnimals: the bbc asked me to play some instruments on my stoop. so naturally i put on my overalls
for the occasion. thank u @BBC.‚Ä¶",2020-05-22 09:06:50,0.5994,0.17,0.0,0.83,1590138410
Donkers49,@BBC,"RT @GiftCee: No that‚Äôs not a U-turn it‚Äôs called a Prime Minister for the people, who is willing to listen to good input.

This is called le‚Ä¶",2020-05-22 09:06:43,0.1779,0.096,0.073,0.831,1590138403
AUgwueme1,@BBC,RT @IpobosisiomaLga: So you think that ipob will ever forget to remember Biafran falling Heroes massacred by the #British / #Nigerian Army‚Ä¶,2020-05-22 09:06:41,0.2023,0.128,0.136,0.736,1590138401
govindcbr30,@BBC,"RT @Dr_S_Baudh: Hey world Countries

Please see whats Trends in India at No. 2

#‡§¨‡•å‡§¶‡•ç‡§ß‡§∏‡•ç‡§•‡§≤_‡§Ö‡§Ø‡•ã‡§ß‡•ç‡§Ø‡§æ

This is the truth of Indian Historyüíôüíï‚Ä¶",2020-05-22 09:06:39,0.5574,0.161,0.0,0.839,1590138399
AdamWilliamsUK,@BBC,"RT @GlassAnimals: the bbc asked me to play some instruments on my stoop. so naturally i put on my overalls
for the occasion. thank u @BBC.‚Ä¶",2020-05-22 09:06:38,0.5994,0.17,0.0,0.83,1590138398
Keogg_Dawg,@BBC,@GlassAnimals @BBC @jbirchphoto we stan the dungarees,2020-05-22 09:06:38,0.0,0.0,0.0,1.0,1590138398
midbummar,@BBC,@GlassAnimals @BBC @jbirchphoto LOVE U,2020-05-22 09:06:38,0.7125,0.552,0.0,0.448,1590138398
pbtribe,@BBC,"RT @GlassAnimals: the bbc asked me to play some instruments on my stoop. so naturally i put on my overalls
for the occasion. thank u @BBC.‚Ä¶",2020-05-22 09:06:36,0.5994,0.17,0.0,0.83,1590138396
vikas5_singh,@BBC,@BBCsarika @BBC ‡§Æ‡•ã‡§π‡§§‡§∞‡§Æ‡§æ ‡§π‡§Æ ‡§â‡§∏ ‡§ï‡§æ‡§≤‡§ñ‡§Ç‡§° ‡§Æ‡•á‡§Ç ‡§π‡•à ‡§ú‡§π‡§æ‡§Ç ‡§ï‡•ã‡§à ‡§¶‡§µ‡§æ ‡§¨‡§®‡§æ ‡§≤‡•á‡§®‡•á ‡§ï‡§æ ‡§î‡§∞ ‡§ï‡•ã‡§à ‡§µ‡•à‡§ï‡•ç‡§∏‡•Ä‡§®  ‡§¨‡§®‡§æ ‡§≤‡•á‡§®‡•á ‡§ï‡§æ ‡§¶‡§æ‡§µ‡§æ ‡§∞‡•ã‡§ú ‡§ï‡§∞‡§§‡§æ ‡§π‡•à ‡§á‡§∏‡•Ä ‡§Æ‡•á‡§Ç ‡§§‡§§‡•ç‡§µ ‡§≠‡•Ä ‡§π‡•à ‡§î‡§∞ ‡§™‡•à‡§∏‡§æ ‡§≠‡•Ä,2020-05-22 09:06:35,0.0,0.0,0.0,1.0,1590138395
acousticxlly,@BBC,"RT @GlassAnimals: the bbc asked me to play some instruments on my stoop. so naturally i put on my overalls
for the occasion. thank u @BBC.‚Ä¶",2020-05-22 09:06:31,0.5994,0.17,0.0,0.83,1590138391
javed_node,@BBC,@BBCsarika @BBC Very good work üëå,2020-05-22 09:06:30,0.8621,0.706,0.0,0.294,1590138390
tedgerine,@BBC,"RT @GlassAnimals: the bbc asked me to play some instruments on my stoop. so naturally i put on my overalls
for the occasion. thank u @BBC.‚Ä¶",2020-05-22 09:06:27,0.5994,0.17,0.0,0.83,1590138387
ventpp,@BBC,RT @LondonCalling82: @SocialM85897394 The media's relentless PC/Woke campaign and propaganda is driving otherwise moderate people undergrou‚Ä¶,2020-05-22 09:06:27,-0.2023,0.07,0.116,0.814,1590138387
midbummar,@BBC,"RT @GlassAnimals: the bbc asked me to play some instruments on my stoop. so naturally i put on my overalls
for the occasion. thank u @BBC.‚Ä¶",2020-05-22 09:06:26,0.5994,0.17,0.0,0.83,1590138386
ogili_harrison,@BBC,"RT @IpobosisiomaLga: Where is #YemiOsibanjo the Official Vice president of Nigeria from #OduduwaNation?
@nassnigeria 
@NGRSenate 
@APCNiger‚Ä¶",2020-05-22 09:06:24,0.0,0.0,0.0,1.0,1590138384
chinitoss_,@BBC,"RT @GlassAnimals: the bbc asked me to play some instruments on my stoop. so naturally i put on my overalls
for the occasion. thank u @BBC.‚Ä¶",2020-05-22 09:06:23,0.5994,0.17,0.0,0.83,1590138383
MrsNickyClark,@BBC,"So please @BBC tell us they‚Äôll be more. This is the lockdown content we all need right now. 59,000 views in one day alone. Huge congratulations &amp; here‚Äôs to ‚Äúgoing forward‚Äù #W1A  @hughbon @MonicaDolan @Jason__Watkins @DrSarahParish #DavidWesthead 
https://t.co/paDFClrHbS",2020-05-22 09:06:18,0.7778,0.196,0.045,0.759,1590138378
useransar,@BBC,"RT @BBCsarika: ‡§ï‡•ã‡§µ‡§ø‡§°-19: ‡§¨‡§æ‡§Ç‡§ó‡•ç‡§≤‡§æ‡§¶‡•á‡§∂ ‡§ï‡•Ä ‡§¨‡§°‡§º‡•Ä ‡§ï‡§æ‡§Æ‡§Ø‡§æ‡§¨‡•Ä, ‡§§‡•à‡§Ø‡§æ‡§∞ ‡§ï‡•Ä ‡§≤‡•ã‡§ï‡§≤ ‡§∞‡•á‡§Æ‡§°‡•á‡§∏‡§ø‡§µ‡•Ä‡§∞ https://t.co/bkmtqQfr3e via @BBC",2020-05-22 09:06:16,0.0,0.0,0.0,1.0,1590138376
GlassAnimals,@BBC,"the bbc asked me to play some instruments on my stoop. so naturally i put on my overalls
for the occasion. thank u @BBC. üíú

Photography: Jonathan Birch @jbirchphoto 

#artistsinlockdown 

https://t.co/oB3kaZy10H https://t.co/6bv301CxeK",2020-05-22 09:06:11,0.5994,0.136,0.0,0.864,1590138371
DrSarwar_,@BBC,"@BBCsarika @BBC Finally some good news is coming.
Hope it control the virus",2020-05-22 09:06:02,0.7003,0.345,0.0,0.655,1590138362
fulelo,@BBC,"RT @BBC: For details of organisations which offer advice and support with mental health, go online to https://t.co/rWDj404Gvz",2020-05-22 09:05:39,0.4019,0.137,0.0,0.863,1590138339
fulelo,@BBC,"RT @BBC: ‚ÄòI‚Äôd describe it like the reactions inside the sun.‚Äô

This is what it's like to live with severe anxiety.

#MentalHealth @BBC_Teac‚Ä¶",2020-05-22 09:05:34,0.1779,0.177,0.152,0.671,1590138334
jonthemusic,@BBC,"@davidro51445822 @corporal_frank @BBC Really miss #ThisWeek, one of the best programmes.",2020-05-22 09:05:33,0.5118,0.278,0.125,0.596,1590138333
flowergirl_lon,@BBC,"RT @JohnWildy71: From a selfish point of view, this is encouraging news for people on lemtrada, our lymphocytes are checked monthlyüòè @TLCTr‚Ä¶",2020-05-22 09:05:33,0.0772,0.119,0.109,0.772,1590138333
Saurav37313816,@BBC,@BBCsarika @BBC Kash Bharat me bhi kuch aisa dekhne ko mil jata too maan ko badi khushi milti üôÅüôÅ,2020-05-22 09:05:06,-0.4963,0.0,0.161,0.839,1590138306
RastamanInc,@BBC,RT @12thplanet: UK homies!  I did a Quest Mix for @aanightingale over @BBC Radio 1 earlier this week!  https://t.co/RlNL0TQnQy,2020-05-22 09:04:58,0.0,0.0,0.0,1.0,1590138298
JenFullick,@BBC,@dazdrewett @Iromg Bit like the copies of the Epilogue the @BBC used to distribute. One to every single employee above the level of bin emptier,2020-05-22 09:04:57,0.2023,0.092,0.062,0.846,1590138297
chiugo22cc,@BBC,"RT @IpobosisiomaLga: Where is #YemiOsibanjo the Official Vice president of Nigeria from #OduduwaNation?
@nassnigeria 
@NGRSenate 
@APCNiger‚Ä¶",2020-05-22 09:04:45,0.0,0.0,0.0,1.0,1590138285
AUgwueme1,@BBC,"RT @IpobosisiomaLga: Am asking the idiots with Fake accounts, I mean #Yoruba's with Igbo and Biafran Names on Facebook &amp; twitter written ag‚Ä¶",2020-05-22 09:04:44,-0.4767,0.0,0.124,0.876,1590138284
01shikhar,@BBC,"RT @BBCsarika: ‡§ï‡•ã‡§µ‡§ø‡§°-19: ‡§¨‡§æ‡§Ç‡§ó‡•ç‡§≤‡§æ‡§¶‡•á‡§∂ ‡§ï‡•Ä ‡§¨‡§°‡§º‡•Ä ‡§ï‡§æ‡§Æ‡§Ø‡§æ‡§¨‡•Ä, ‡§§‡•à‡§Ø‡§æ‡§∞ ‡§ï‡•Ä ‡§≤‡•ã‡§ï‡§≤ ‡§∞‡•á‡§Æ‡§°‡•á‡§∏‡§ø‡§µ‡•Ä‡§∞ https://t.co/bkmtqQfr3e via @BBC",2020-05-22 09:04:42,0.0,0.0,0.0,1.0,1590138282
DawgAlfie,@BBC,"RT @YardleyShooting: On a daily basis, the biased @BBC helps their boy ""Sir Keir"" Starmer score points over Boris. They always use his titl‚Ä¶",2020-05-22 09:04:31,0.128,0.097,0.079,0.824,1590138271
Hillary16216274,@BBC,"RT @IpobosisiomaLga: Stop dreaming!, #IPOB will never relent,all of you Yoruba media on Twitter and Facebook bearing Igbo Names,
how do you‚Ä¶",2020-05-22 09:04:21,-0.3595,0.0,0.106,0.894,1590138261
BobMoor33020935,@BBC,RT @tj1969t: French navy escorting illegal immigrants into British waters. Typically @BBCNews decides to CENSOR these events ..............‚Ä¶,2020-05-22 09:04:10,-0.8091,0.0,0.314,0.686,1590138250
sanjaypandeyji,@BBC,@BBCsarika @BBC ‡§Ö‡§ö‡•ç‡§õ‡•Ä ‡§â‡§™‡§≤‡§¨‡•ç‡§ß‡§ø‡•§,2020-05-22 09:03:56,0.0,0.0,0.0,1.0,1590138236
DrSarwar_,@BBC,@BBCsarika @BBC Some doctors in Bangladesh has claimed that combination of ivermectin + doxycycline has cured 60 out of 60 Covid-19 patients on which it was used.,2020-05-22 09:03:48,0.0,0.0,0.0,1.0,1590138228
SikhYourMind,@BBC,RT @SCUKofficial: We cannot engage with any faith 'taskforce' until the Government engages with recognised National sikh institutions. Gurd‚Ä¶,2020-05-22 09:03:46,0.4145,0.21,0.089,0.701,1590138226
junesarpong,@BBC,RT @junesarpong: Today @bbc #CreativeDiversityUnit laid out the first phase of our inclusion agenda #RIVERS. Proud to  partner with @Inclus‚Ä¶,2020-05-22 09:03:42,0.4767,0.14,0.0,0.86,1590138222
itsamonsteer98,@BBC,"RT @BBC: ‚ÄòI‚Äôd describe it like the reactions inside the sun.‚Äô

This is what it's like to live with severe anxiety.

#MentalHealth @BBC_Teac‚Ä¶",2020-05-22 09:03:25,0.1779,0.177,0.152,0.671,1590138205
waleedalnadheef,@BBC,RT @DrElmugamar: NHS fees to be scrapped for overseas health staff and care workers! Good news ! The SDU sent a letter to the government am‚Ä¶,2020-05-22 09:03:04,0.7707,0.218,0.0,0.782,1590138184
RedwoodOrginal1,@BBC,@spenley again your in front of the @BBCBreaking . In your live feed we discussed drug combinations.  We discussed the treat may become like the treatment of HIV . Today they  announced a treatment that focuses on boosting T cells etc.The @BBC needs to interview your followers! https://t.co/jcgcSXtISP,2020-05-22 09:02:53,0.784,0.149,0.0,0.851,1590138173
BobMoor33020935,@BBC,"RT @corporal_frank: 5 years ago it would‚Äôve been inconceivable that I would miss #bbcqt now I see it‚Äôs on, snarl at the thought of Fiona Br‚Ä¶",2020-05-22 09:02:45,-0.1531,0.0,0.06,0.94,1590138165
BEzissi,@BBC,"RT @IpobosisiomaLga: Where is #YemiOsibanjo the Official Vice president of Nigeria from #OduduwaNation?
@nassnigeria 
@NGRSenate 
@APCNiger‚Ä¶",2020-05-22 09:02:39,0.0,0.0,0.0,1.0,1590138159
RickyLionheart,@BBC,@uk_sf_writer @BBC @10DowningStreet You don‚Äôt... I watch @tombradby and @julieetchitv every night (sometimes there are stand ins) and have not looked back. Just untune the BBC channels on your TV sets and stop paying the ¬£13 direct debit. Simple as that üá¨üáßüëç. Not heard anything from @bbcnews for months üòÅ,2020-05-22 09:02:33,0.2023,0.051,0.037,0.912,1590138153
peteruche88,@BBC,"RT @IpobosisiomaLga: Where is #YemiOsibanjo the Official Vice president of Nigeria from #OduduwaNation?
@nassnigeria 
@NGRSenate 
@APCNiger‚Ä¶",2020-05-22 09:02:30,0.0,0.0,0.0,1.0,1590138150
art_connoiseur,@BBC,"RT @GiftCee: No that‚Äôs not a U-turn it‚Äôs called a Prime Minister for the people, who is willing to listen to good input.

This is called le‚Ä¶",2020-05-22 09:02:29,0.1779,0.096,0.073,0.831,1590138149
ponies_peonies,@BBC,"RT @redsarah99: Apparently @jeremycorbyn is being attacked, again,
I won't even look why.

This is Corbyn with an ex service gentleman,
Thi‚Ä¶",2020-05-22 09:02:21,-0.4588,0.0,0.125,0.875,1590138141
paul_boo6880,@BBC,RT @tj1969t: French navy escorting illegal immigrants into British waters. Typically @BBCNews decides to CENSOR these events ..............‚Ä¶,2020-05-22 09:02:20,-0.8091,0.0,0.314,0.686,1590138140
TheNippyOne,@BBC,"@Nick_Haywood @jdmtom @BBC @SkyNews This gif represents jd and I this morning üòÇ
Back to bed! ü§£üòÇü§£üòÇ https://t.co/oisrIJIPsW",2020-05-22 09:02:19,0.937,0.319,0.1,0.581,1590138139
LcolePe,@BBC,RT @MrJSmithPE: Because students aren‚Äôt in school during summer athletics season. It would be great if @BBC &amp; @Channel4 replayed London 201‚Ä¶,2020-05-22 09:02:15,0.6249,0.163,0.0,0.837,1590138135
Weedyouneednews,@CBS,RT @cuddlycrow: @RealJamesWoods @CBS @NBC @ABC @CNN @MSNBC @CBS_Herridge This should be reported on to bring light to the atrocities that t‚Ä¶,2020-05-22 09:10:23,0.0,0.0,0.0,1.0,1590138623
fred9038,@CBS,"@weijia is proving herself and @CBS as Resistance/Performance Journalists of the 10th degree. Americans doesn‚Äôt stand with their  bs, but we do stand with @realDonaldTrump #MAGA2020Landslide https://t.co/UrMLf1LFGf",2020-05-22 09:10:19,0.0,0.0,0.0,1.0,1590138619
realMarkHohe,@CBS,"@alexsalvinews @OANN Bending/ignoring the facts is a hallmark of @weijia's reporting.....

@CBSNews
@CBS
@WhiteHouse @PressSec",2020-05-22 09:08:34,0.0,0.0,0.0,1.0,1590138514
ajtweet,@CBS,@ViacomCBS @CBS @CBSAllAccess @PlutoTV @bcbeat Horrible shoes on three of the four.,2020-05-22 09:05:24,-0.5423,0.0,0.241,0.759,1590138324
QueNocheAVR,@CBS,"RT @jaimecamil: So excited about ‚Äúsoccer‚Äù, TONIGHT‚ÄôS ALL NEW @broke episode üéâü•≥üôåüèº And yes, @LAFC‚Äôs @JordanCHarvey will be joining us üòé See y‚Ä¶",2020-05-22 09:04:09,0.8838,0.314,0.062,0.623,1590138249
QueNocheAVR,@CBS,RT @jaimecamil: OK East Coast! Go find a friend/significant other that‚Äôll protect you like LUIS protects JAVI and get your tv ready ü§óü•∞ An a‚Ä¶,2020-05-22 09:03:56,0.9511,0.441,0.0,0.559,1590138236
QueNocheAVR,@CBS,"RT @jaimecamil: Yeah JAVI, I don‚Äôt think soccer is your forte... üòÇü•¥ü§ï Don‚Äôt miss tonight‚Äôs all new episode of @broke! 9:30/8:30c on @CBS üôåüèº‚Ä¶",2020-05-22 09:03:07,0.2481,0.135,0.148,0.718,1590138187
SshMySoapsAreOn,@CBS,RT @YandR_CBS: Please join us in congratulating these outstanding #YR #DaytimeEmmy nominees! üèÜ Don't miss their big night June 26th only on‚Ä¶,2020-05-22 09:02:52,0.8495,0.363,0.0,0.637,1590138172
Human20755866,@CBS,@SouthOVegas @CBS I know right. Tuned in last week only to learn it's been cast offüò≠üò≠ #SaveTommy pretty please @hulu @netflix @Quibi,2020-05-22 09:01:05,-0.1779,0.154,0.174,0.672,1590138065
hotrodzdan,@CBS,RT @trshmare: @CBS @CBSAllAccess I can‚Äôt believe that you‚Äôre cancelling Tommy and God friended me. Have you lost your mind-they are the 2 b‚Ä¶,2020-05-22 09:00:30,0.1779,0.166,0.142,0.692,1590138030
Human20755866,@CBS,@Donoterase8 @CBS @netflix @hulu #SaveTommy I am talking to you @hulu @netflix @Quibi,2020-05-22 08:59:50,0.0,0.0,0.0,1.0,1590137990
Human20755866,@CBS,"@pontheva @CBS @cbs_Tommy is great show and I hope a streaming service will resurrect it. @hulu @netflix  @Quibi hint hint
 Honestly, there is zero reason to watch network TV if they can't give shows headlined by minorities a chance.",2020-05-22 08:58:38,0.9001,0.255,0.0,0.745,1590137918
Elizabe86170937,@CBS,"RT @DilleyShow: @realDonaldTrump They're using their most reliable intelligence assets known as

@ABC @NBCNews @CBS @CNN and this vile woma‚Ä¶",2020-05-22 08:58:10,-0.1363,0.196,0.179,0.625,1590137890
Juanita28424204,@CBS,RT @IAMQUEENLATIFAH: I am so excited to be joining the @cbs family as The Equalizer! Coming to your screens Sundays at 8pm this Fall! #TheE‚Ä¶,2020-05-22 08:56:22,0.5719,0.134,0.0,0.866,1590137782
Imanali25704453,@CBS,@YandR_CBS @letsmakeadeal @CJLeBlanc @Traceybregman @WayneBrady @CBS Yes,2020-05-22 08:53:52,0.4019,0.31,0.0,0.69,1590137632
QueNocheAVR,@CBS,"RT @jaimecamil: No JAVI, don‚Äôt demonstrate, you might hurt yourself ü§¶üèΩ‚Äç‚ôÇÔ∏èü§£ See you tonight! @broke, 9:30/8:30c on @CBS üôåüèº / No JAVI, mejor‚Ä¶",2020-05-22 08:53:11,-0.7712,0.068,0.231,0.701,1590137591
kattyronald29,@CBS,RT @IAMQUEENLATIFAH: I am so excited to be joining the @cbs family as The Equalizer! Coming to your screens Sundays at 8pm this Fall! #TheE‚Ä¶,2020-05-22 08:52:49,0.5719,0.134,0.0,0.866,1590137569
QueNocheAVR,@CBS,"RT @jaimecamil: No estoy festejando que hoy hay nuevo episodio de @broke como @cuauhtemocb10, es m√°s bien como @usainbolt üò≥ü•≥üòÇüôåüèº Nos vemos a‚Ä¶",2020-05-22 08:52:26,0.128,0.144,0.156,0.7,1590137546
Aimie04997691,@CBS,RT @kimberly_michg: @SoapOperaNetwrk @ABCNetwork @people I think @ABCNetwork @CBS @NBC needs to bring back the soaps! Never compare the lam‚Ä¶,2020-05-22 08:51:13,0.0,0.0,0.0,1.0,1590137473
Donoterase8,@CBS,"#SaveTommy
@CBS
cc: @netflix @hulu https://t.co/ypshWSHG6v",2020-05-22 08:48:29,0.0,0.0,0.0,1.0,1590137309
Donoterase8,@CBS,"#SaveTommy
@CBS
cc: @netflix @hulu https://t.co/NNiXwOBMd5",2020-05-22 08:47:42,0.0,0.0,0.0,1.0,1590137262
Donoterase8,@CBS,"#SaveTommy
@CBS
cc: @netflix @hulu https://t.co/88azclPHkr",2020-05-22 08:46:48,0.0,0.0,0.0,1.0,1590137208
DeannaFryTV,@CBS,"RT @DaytimeEmmys: The #DaytimeEmmys are returning to @CBS! Tune in on June 26th 8/7c.

https://t.co/NNrEY1lGf5 https://t.co/KaApqRLfSF",2020-05-22 08:46:04,0.0,0.0,0.0,1.0,1590137164
Donoterase8,@CBS,"#SaveTommy
@CBS
cc: @netflix @hulu https://t.co/z5HmI3qw06",2020-05-22 08:45:55,0.0,0.0,0.0,1.0,1590137155
OT7Obsessed,@CBS,RT @JKCorden: When you get in the lift with tonight‚Äôs guests! @cbs 12.30 x https://t.co/x0WhmlJPdy,2020-05-22 08:45:40,0.0,0.0,0.0,1.0,1590137140
Donoterase8,@CBS,"#SaveTommy
@CBS @CBSAllAccess
cc: @netflix @hulu https://t.co/cdVESl9uRm",2020-05-22 08:45:10,0.0,0.0,0.0,1.0,1590137110
newstruthliz,@CBS,".@johnkrasinski's feel-good web series will have a multiplatform showcase across all of @CBS's brands, though the popular actor, writer, producer and director will no longer host it.
https://t.co/FEtZSbaSqE",2020-05-22 08:44:24,0.1531,0.09,0.071,0.839,1590137064
jordanservice,@CBS,"@CBS CBS post a clip with Alan Dershowitz trivializing rape and pedophilia... It is absolutely disgusting and you should be ashamed of yourselves. 

This is a real story, and you are mocking victims that Dershowtiz vilified. 

Absolutely gross.",2020-05-22 08:42:01,-0.9661,0.0,0.409,0.591,1590136921
SaveTommyCBS,@CBS,RT @trshmare: @CBS @CBSAllAccess I can‚Äôt believe that you‚Äôre cancelling Tommy and God friended me. Have you lost your mind-they are the 2 b‚Ä¶,2020-05-22 08:40:59,0.1779,0.166,0.142,0.692,1590136859
SaveTommyCBS,@CBS,RT @TotalDesigns_: @CBS @CBSAllAccess This is why I stick with Netflix instead of watching CBS. You will just cancel the shows people like‚Ä¶,2020-05-22 08:40:38,-0.25,0.0,0.083,0.917,1590136838
SaveTommyCBS,@CBS,RT @stephal1698: @CBS @CBSAllAccess #bringbackTommy Don‚Äôt let this show go out without another round,2020-05-22 08:40:30,0.0,0.0,0.0,1.0,1590136830
SaveTommyCBS,@CBS,"RT @jillmode: @CBS @CBSAllAccess Renew Tommy, it‚Äôs a quality show unlike most of crap on TV",2020-05-22 08:40:22,-0.4364,0.0,0.161,0.839,1590136822
SaveTommyCBS,@CBS,RT @SharleneB: @CBS @CBSAllAccess Love this show.  Too bad @CBS didn't really give it a chance.    #Tommy #BringTommyBack,2020-05-22 08:40:19,0.4019,0.251,0.142,0.607,1590136819
SaveTommyCBS,@CBS,RT @hotrodzdan: @CBS @CBSAllAccess Hopefully they can please bring back #TommyCBS; I wish they can cross over @BlueBloods_CBS someday (that‚Ä¶,2020-05-22 08:40:14,0.7717,0.312,0.0,0.688,1590136814
SaveTommyCBS,@CBS,RT @SeanCBaker: @CBS @CBSAllAccess Season finale?üôÑ You know darn well it's the series finale. Bring it back!! I need more #Tommy,2020-05-22 08:40:03,0.3987,0.101,0.0,0.899,1590136803
IvyFoliage,@CBS,"RT @lawyer4laws: @EdenfieldPl @CBS Connie Chung was a Journalist . . .
Here is an excerpt of how she reported . . 
https://t.co/ooTUuFPoNd",2020-05-22 08:40:02,0.0,0.0,0.0,1.0,1590136802
SaveTommyCBS,@CBS,RT @thediggle: @CBS @CBSAllAccess How nice of you to finally promote the show. Now bring it back for a second season and we might forgive y‚Ä¶,2020-05-22 08:40:01,0.7579,0.246,0.0,0.754,1590136801
SaveTommyCBS,@CBS,RT @Islandgirlpixie: @CBS @CBSAllAccess Please renew this show! It‚Äôs a great show w/great actors &amp; writing. I‚Äôm so sick of all the reality‚Ä¶,2020-05-22 08:39:56,0.3508,0.216,0.137,0.647,1590136796
SaveTommyCBS,@CBS,"RT @dcatmom1: @CBS @CBSAllAccess Unless the big dogs change their minds, this is not the season finale, it‚Äôs the series finally.
Oh, Tommy,‚Ä¶",2020-05-22 08:39:50,0.0,0.0,0.0,1.0,1590136790
SaveTommyCBS,@CBS,RT @PacBlue: @CBS @CBSAllAccess You mean series finale because you canceled one of the best shows on television that had an excellent femal‚Ä¶,2020-05-22 08:39:45,0.836,0.273,0.0,0.727,1590136785
SaveTommyCBS,@CBS,"RT @gory523: @CBS @CBSAllAccess Can't believe you cancel #Tommy it is a great drama, why why!!!!",2020-05-22 08:39:41,0.791,0.334,0.0,0.666,1590136781
SaveTommyCBS,@CBS,RT @jenoliveira13: @CBS @CBSAllAccess Keep this show!! #Tommy,2020-05-22 08:39:39,0.0,0.0,0.0,1.0,1590136779
SaveTommyCBS,@CBS,"RT @GlendaHickey8: @CBS @CBSAllAccess Please renew #Tommy, its a great show. Don't make it the series finale........",2020-05-22 08:39:36,0.7506,0.299,0.0,0.701,1590136776
SaveTommyCBS,@CBS,"RT @jujubee1975: @CBS @CBSAllAccess I‚Äôm really going to miss this show. #Tommy thank you for giving us a great series, even if it was only‚Ä¶",2020-05-22 08:39:33,0.7984,0.282,0.058,0.659,1590136773
SaveTommyCBS,@CBS,RT @Lily_91727: @CBS @CBSAllAccess @cbs PLEASE KEEP TOMMY !,2020-05-22 08:39:30,0.5147,0.294,0.0,0.706,1590136770
SaveTommyCBS,@CBS,RT @CatherynTheRtst: @CBS @CBSAllAccess Why did you cancel #Tommy? Just can‚Äôt have a show with a strong female lead? I hope another network‚Ä¶,2020-05-22 08:39:28,0.6767,0.23,0.07,0.7,1590136768
SaveTommyCBS,@CBS,"RT @mema_5: @CBS @CBSAllAccess I think it was very unfair of you, @CBS to cancel Tommy like u did.  1st they didn't premiere until Feb and‚Ä¶",2020-05-22 08:39:08,-0.4391,0.081,0.175,0.745,1590136748
kwonahki,@CBS,RT @JKCorden: When you get in the lift with tonight‚Äôs guests! @cbs 12.30 x https://t.co/x0WhmlJPdy,2020-05-22 08:38:43,0.0,0.0,0.0,1.0,1590136723
SaveTommyCBS,@CBS,RT @grayla71: @SaveTommyCBS @CBS @netflix @amblin @CBSTVStudios @hulu @PrimeVideo Love the show and Edie Falco et al. I really enjoy a good‚Ä¶,2020-05-22 08:38:31,0.8268,0.278,0.0,0.722,1590136711
DTzvetkovsky,@CBS,RT @cuddlycrow: @RealJamesWoods @CBS @NBC @ABC @CNN @MSNBC @CBS_Herridge This should be reported on to bring light to the atrocities that t‚Ä¶,2020-05-22 08:38:14,0.0,0.0,0.0,1.0,1590136694
doll_bangtan,@CBS,RT @JKCorden: When you get in the lift with tonight‚Äôs guests! @cbs 12.30 x https://t.co/x0WhmlJPdy,2020-05-22 08:37:16,0.0,0.0,0.0,1.0,1590136636
Pasunepomme,@CBS,"RT @JeremyMJordan: Really, @cbs? You're going to air a Grease sing-a-long in place of the @TheTonyAwards? Whose grandmother's idea was this‚Ä¶",2020-05-22 08:36:09,0.0,0.0,0.0,1.0,1590136569
Janet21284076,@CBS,"RT @lightwood_lari: @Stefany83868879 @ConcettaScarla2 We need to give Clace a happy ending! ‚ù§
#SaveShadowhunters #Shadowhunters #ClaceFrida‚Ä¶",2020-05-22 08:35:50,0.6114,0.2,0.0,0.8,1590136550
hahana_rose,@CBS,RT @JKCorden: When you get in the lift with tonight‚Äôs guests! @cbs 12.30 x https://t.co/x0WhmlJPdy,2020-05-22 08:35:39,0.0,0.0,0.0,1.0,1590136539
hannett_michael,@CBS,@MrJerryOC @CBS @CBSAllAccess @RebeccaRomijn @PKSubban1 @lindseyvonn @KellyOsbourne Looks almost like a baptism.,2020-05-22 08:35:19,0.2975,0.167,0.0,0.833,1590136519
SamuelSoo18,@CBS,"So sad, @10Daily. Horrible to see you leave tonight...you grew to become bigger and better over the past two years, solidifying yourself in the online news market.
Hoping @ViacomCBS @CBS @Network10Comms will bring you back again in another form some day. #Bye10Daily #10Daily https://t.co/hbp1N0shho",2020-05-22 08:35:00,-0.3933,0.107,0.158,0.735,1590136500
JennyVine2,@CBS,RT @JKCorden: When you get in the lift with tonight‚Äôs guests! @cbs 12.30 x https://t.co/x0WhmlJPdy,2020-05-22 08:34:29,0.0,0.0,0.0,1.0,1590136469
Vivi45267723,@CBS,RT @JKCorden: When you get in the lift with tonight‚Äôs guests! @cbs 12.30 x https://t.co/x0WhmlJPdy,2020-05-22 08:34:19,0.0,0.0,0.0,1.0,1590136459
iChristyD,@CBS,"RT @CBS: We're so excited to share the New 2020-2021 CBS Primetime Schedule with you. For more information about the new lineup, click here‚Ä¶",2020-05-22 08:33:58,0.6788,0.202,0.0,0.798,1590136438
1ADoubleBDS,@CBS,RT @BandB_CBS: The news is out! üéâ Check out all of the @CBS #DaytimeEmmy nominees here: https://t.co/lATvuW687J https://t.co/3lfFEGPaLi,2020-05-22 08:33:29,0.4574,0.143,0.0,0.857,1590136409
mellodiesmoon,@CBS,"RT @IamTreborL: As a huge fan, I was all excited for @StephenKing's @TheStand2020 on @CBS until I saw that @realamberheard was starring in‚Ä¶",2020-05-22 08:31:18,0.7184,0.259,0.0,0.741,1590136278
_ILYKIMTAEHYUNG,@CBS,RT @JKCorden: When you get in the lift with tonight‚Äôs guests! @cbs 12.30 x https://t.co/x0WhmlJPdy,2020-05-22 08:30:06,0.0,0.0,0.0,1.0,1590136206
Insh21541194,@CBS,"RT @21_rikky: #PersonOfInterest #RootXShaw
Anytime, Anywhere
You can fight!
@CBS we never give up, we NEED ShootSpinOff!
@bad_robot 
@netfl‚Ä¶",2020-05-22 08:29:15,-0.4912,0.0,0.15,0.85,1590136155
RobinDanaPoint,@CBS,RT @cuddlycrow: @RealJamesWoods @CBS @NBC @ABC @CNN @MSNBC @CBS_Herridge This should be reported on to bring light to the atrocities that t‚Ä¶,2020-05-22 08:28:47,0.0,0.0,0.0,1.0,1590136127
mars_hmall00w,@CBS,RT @JKCorden: When you get in the lift with tonight‚Äôs guests! @cbs 12.30 x https://t.co/x0WhmlJPdy,2020-05-22 08:26:58,0.0,0.0,0.0,1.0,1590136018
BernfriedI,@CBS,@cbs @StarTrek @StarTrekRoom Beware! https://t.co/RWRBhnUai0,2020-05-22 08:26:46,0.0,0.0,0.0,1.0,1590136006
totoromama1955,@CBS,RT @PauleyP: Our all new episode of @Broke @CBS is about to start East Coast and Central . It‚Äôs called ‚ÄúSoocer‚Äù and my character Jackie may‚Ä¶,2020-05-22 08:26:25,-0.4215,0.0,0.101,0.899,1590135985
totoromama1955,@CBS,RT @PauleyP: And we at #Broke LOVE YOU @CarleaseBurke @broke @cbs,2020-05-22 08:26:07,0.0857,0.266,0.302,0.432,1590135967
totoromama1955,@CBS,RT @PauleyP: And we love you @RealElizabethHo on #Broke You‚Äôre so nice in real life! :) @broke @cbs,2020-05-22 08:25:52,0.7171,0.363,0.192,0.445,1590135952
totoromama1955,@CBS,RT @PauleyP: On tonight‚Äôs  #Broke we are joined by @JordanCHarvey @LAFC SUCH a sweet guy! And his wife too! @LAFC3252 @broke @cbs #Soccer (‚Ä¶,2020-05-22 08:25:31,-0.4912,0.099,0.205,0.696,1590135931
totoromama1955,@CBS,RT @PauleyP: West Coast get ready for our new #BROKE episode at 9:30. Come laugh with us! @broke @cbs,2020-05-22 08:25:07,-0.1343,0.22,0.239,0.541,1590135907
BTS_twitteer,@CBS,RT @JKCorden: When you get in the lift with tonight‚Äôs guests! @cbs 12.30 x https://t.co/x0WhmlJPdy,2020-05-22 08:23:43,0.0,0.0,0.0,1.0,1590135823
lawyerbyatch,@CBS,"RT @jayharrington3: season finale.
10pm 
@CBS 
#rollswat https://t.co/F7RE7IjHEp",2020-05-22 08:22:31,0.0,0.0,0.0,1.0,1590135751
alejandrawins,@CBS,@Luiscarazo @CBS YASSSSS üôåüèºüî•üéâüëèüèºüëèüèºüëèüèº,2020-05-22 08:22:28,0.0772,0.093,0.082,0.825,1590135748
aureliexsunset,@CBS,RT @TheKennyJohnson: Check out our SWAT Finale tomorrow night @swatcbs @SonyPictures @Sony @SPTV @CBS @CBSTweet @CBSWatch Epic!!!! https://‚Ä¶,2020-05-22 08:19:54,0.0,0.0,0.0,1.0,1590135594
aureliexsunset,@CBS,RT @TheKennyJohnson: Luca‚Äôs back in black - TONIGHT on #SWAT @swatcbs 10/9c on @CBS  üëäüèº https://t.co/C3HDBb8aCG,2020-05-22 08:19:30,0.0,0.0,0.0,1.0,1590135570
aureliexsunset,@CBS,"RT @jayharrington3: tonight.
10pm on @cbs 
#SWAT

trust me... https://t.co/UahymqmwPG",2020-05-22 08:19:24,0.5106,0.268,0.0,0.732,1590135564
MahmudaAyu,@CBS,RT @JKCorden: When you get in the lift with tonight‚Äôs guests! @cbs 12.30 x https://t.co/x0WhmlJPdy,2020-05-22 08:19:03,0.0,0.0,0.0,1.0,1590135543
aureliexsunset,@CBS,"RT @jayharrington3: season finale.
10pm 
@CBS 
#rollswat https://t.co/F7RE7IjHEp",2020-05-22 08:18:44,0.0,0.0,0.0,1.0,1590135524
njhwakeup,@CBS,RT @5SOS: .@latelateshow // Monday night on @CBS https://t.co/KgV9xP8ZpL,2020-05-22 08:17:44,0.0,0.0,0.0,1.0,1590135464
njhwakeup,@CBS,RT @5SOS: Playing a special performance of Wildflower tonight on @latelateshow with @JKCorden üå∏ Tune in tonight at 12:35am on @CBS https://‚Ä¶,2020-05-22 08:17:36,0.5423,0.176,0.0,0.824,1590135456
TalkingStarTrek,@CBS,"RT @CBS: .@MrJerryOC &amp; @RebeccaRomijn host HAIRCUT NIGHT IN AMERICA, featuring America‚Äôs top hair stylists in an at-home DIY Celebrity &amp; fr‚Ä¶",2020-05-22 08:14:31,0.2023,0.079,0.0,0.921,1590135271
kattyronald20,@CBS,RT @IAMQUEENLATIFAH: I am so excited to be joining the @cbs family as The Equalizer! Coming to your screens Sundays at 8pm this Fall! #TheE‚Ä¶,2020-05-22 08:10:27,0.5719,0.134,0.0,0.866,1590135027
JanelleH67,@CBS,@DaytimeEmmys @wildcorwin @hitRECordJoe @HBO @sesamestreet @MoRocca @alieward @CBS @mikeroweworks @FacebookWatch @andrewzimmern @travelchannel Congratulations on the nomination!,2020-05-22 08:04:06,0.636,0.218,0.0,0.782,1590134646
FrancoCNac,@CBS,"RT @TheTalkCBS: Thursday on ‚ÄúThe Talk@Home,‚Äù the hosts reveal the ‚Äú47th Annual Daytime Emmy Awards‚Äù nominations on @CBS, including nominees‚Ä¶",2020-05-22 08:02:30,0.0,0.0,0.0,1.0,1590134550
LoveAly12,@CBS,RT @PauleyP: And we at #Broke LOVE YOU @CarleaseBurke @broke @cbs,2020-05-22 08:02:21,0.0857,0.266,0.302,0.432,1590134541
LoveAly12,@CBS,RT @PauleyP: Our all new episode of @Broke @CBS is about to start East Coast and Central . It‚Äôs called ‚ÄúSoocer‚Äù and my character Jackie may‚Ä¶,2020-05-22 08:01:46,-0.4215,0.0,0.101,0.899,1590134506
lmcpark,@CBS,@cnn @msnbc @abc @cbs @nbc @foxnews https://t.co/r2Ijh9YmRy,2020-05-22 08:00:22,0.0,0.0,0.0,1.0,1590134422
chachomanopapa,@CBS,"@xijingping @PutinRF @washingtonpost @derspiegel @lemondefr @CNN @MSNBC @realDonaldTrump @POTUS @macfound @BillGates @truthbook @seeTRUTHasTRUTH @UN @PutinRF_Eng @khamenei_ir @netanyahu @HHShkMohd @MuhammadMorsi @PMOIndia @globaltimesnews @YeonmiParkNK @northkoreatimes @peterbakernyt @CBS @FoxNews @RealMikePompeo @AmbJohnBolton @MittRomney @lisamurkowski @Marvel @dccc @GOP @SenSchumer @SpeakerPelosi @SenatorCollins @DrTedros @LinkedIn @Microsoft @reddit @YouTube @JoeBiden @NYGovCuomo @NobelPrize @WindsorMann @BarackObama @whca @davidplouffe @AOC ‚ÄúFrom the favelas of Rio to the indigenous communities of the Amazon rain forest Brazil has emerged as the new global epicenter of misery. Transmission rates there are the highest in the world and the health system ... is miserable. But Bolsonaro‚Äôs happy.‚Äù
https://t.co/dPewKkbScW",2020-05-22 07:59:03,-0.296,0.034,0.046,0.92,1590134343
LaTana_2014,@CBS,"RT @StacyKeach1: Don't miss ùôàùôñùô£ ùôíùôûùô©ùôù ùòº ùôãùô°ùôñùô£, tonight at 8:30pm Eastern/Pacific.
When Adam and Andi resort to their usual punishment in resp‚Ä¶",2020-05-22 07:59:03,-0.4129,0.056,0.125,0.819,1590134343
FrancoCNac,@CBS,"RT @TheTalkCBS: Join us in congratulating THE TALK hosts and hard-working crew of @thetalkcbs on 6 @DaytimeEmmys nominations, including OUT‚Ä¶",2020-05-22 07:58:49,0.296,0.104,0.0,0.896,1590134329
politicalfarm,@CBS,@CBS @mPinoe https://t.co/oX0XQzsunD,2020-05-22 07:58:10,0.0,0.0,0.0,1.0,1590134290
D666Nicole,@CBS,RT @PauleyP: West Coast get ready for our new #BROKE episode at 9:30. Come laugh with us! @broke @cbs,2020-05-22 07:56:50,-0.1343,0.22,0.239,0.541,1590134210
stakebite,@CBS,"Lori pleads guilty gets 2 months in jail, with a COVID19 break out! It pays to be smarter than the system. ‚Å¶ she might even get a guest spot on ‚Å¶@AllRiseCBS‚Å© !!!! $VIAC ‚Å¶@CBS‚Å© ‚Å¶@CNN‚Å© &amp;NFLX https://t.co/VTX8YIYmm8 https://t.co/WmLgZUNj4i",2020-05-22 07:56:32,0.3331,0.097,0.065,0.838,1590134192
Aaronrutter9,@CBS,RT @PauleyP: On tonight‚Äôs  #Broke we are joined by @JordanCHarvey @LAFC SUCH a sweet guy! And his wife too! @LAFC3252 @broke @cbs #Soccer (‚Ä¶,2020-05-22 07:56:26,-0.4912,0.099,0.205,0.696,1590134186
flat0shi,@CBS,"RT @Jali_Cat: ‚ÄºÔ∏èFirst Pentecostal Church in Holly Springs, Mississippi, was torched for holding services during quarentine.

The democrats‚Ä¶",2020-05-22 07:55:04,0.0,0.0,0.0,1.0,1590134104
D666Nicole,@CBS,RT @PauleyP: And we at #Broke LOVE YOU @CarleaseBurke @broke @cbs,2020-05-22 07:54:46,0.0857,0.266,0.302,0.432,1590134086
delsuc1,@CBS,@Venuseswilliams @gameon @CBS @RobGronkowski @KeeganMKey @bobbyleelive @IanKarmel ü§î,2020-05-22 07:53:49,0.0,0.0,0.0,1.0,1590134029
FrancoCNac,@CBS,"RT @DaytimeEmmys: The #DaytimeEmmys nominees in DIRECTING TEAM are...
The Bold and The Beautiful ‚îÇ @BandB_CBS @CBS
Days of Our Lives ‚îÇ  @nb‚Ä¶",2020-05-22 07:52:42,0.7579,0.236,0.0,0.764,1590133962
JenniferTvFan,@CBS,"@YandR_CBS @CBS @MyJasonThompson @ChristelAdnana @MarkGrossman @BrytonEjames @SashaCalle Best wishes to all the nomiees! All well deserved, especially Sasha Calle! I will definitely be watching the awards!",2020-05-22 07:52:39,0.9257,0.408,0.0,0.592,1590133959
BraundaKuntsch3,@CNN,RT @CNN: President Trump concluded a White House conference call with Hispanic leaders ostensibly focused on the coronavirus pandemic by un‚Ä¶,2020-05-22 09:14:40,0.3818,0.115,0.0,0.885,1590138880
brglr14,@CNN,@PhilipTrucchio @suttleman44 @CNN No one said China didn't start it.....but trump looked the other way,2020-05-22 09:14:39,-0.296,0.0,0.136,0.864,1590138879
KKDFKK,@CNN,RT @JaniceDean: @ananavarro @CNN One guy faked his own quarantine. The other guy let recovering Covid patients back into nursing homes whic‚Ä¶,2020-05-22 09:14:36,0.0,0.0,0.0,1.0,1590138876
coolreggiegod,@CNN,RT @CNN: President Donald Trump announced Thursday that flags on federal buildings will be lowered to half-staff over the coming days to ho‚Ä¶,2020-05-22 09:14:34,-0.128,0.0,0.064,0.936,1590138874
LadyKenai,@CNN,"@CNN tell this to the so called ""leader"" of the USA!",2020-05-22 09:14:32,0.0,0.0,0.0,1.0,1590138872
glassrx1,@CNN,RT @BishesBrew: @CNN Blame Donald Trump. This is all on his incompetence and reluctance to perform the duties of the office of the presiden‚Ä¶,2020-05-22 09:14:32,-0.7964,0.0,0.278,0.722,1590138872
RealJWT,@CNN,@ananavarro @CNN Would that be like doing your nails on air during an immigration panel? ‚ÄúHumor‚Äù,2020-05-22 09:14:31,0.3612,0.143,0.0,0.857,1590138871
humanrightslaw,@CNN,RT @KaptiBayram: @humanrightslaw @hrw @CommissionerHR @HRC @OntHumanRights @UNHumanRights @UN @EU_Commission @humanrights1st @EURightsAgenc‚Ä¶,2020-05-22 09:14:28,0.0,0.0,0.0,1.0,1590138868
HanifHanifahHH,@CNN,RT @CNN: Victoria's Secret is permanently closing 250 stores in the US and Canada https://t.co/ECHjvgzbEA,2020-05-22 09:14:28,0.0,0.0,0.0,1.0,1590138868
Queenandprinc11,@CNN,@PhilipTrucchio @FeliesMadretsma @CNN https://t.co/7WE2bc9TMS,2020-05-22 09:14:23,0.0,0.0,0.0,1.0,1590138863
jadore_la_mer,@CNN,"@CNN No worries Mel, in February you can finally get divorced...",2020-05-22 09:14:21,0.3252,0.189,0.0,0.811,1590138861
jgod51,@CNN,RT @CNN: First lady Melania Trump thanked students for helping to keep the country safe and acknowledged recent changes they‚Äôve had to make‚Ä¶,2020-05-22 09:14:19,0.7906,0.286,0.0,0.714,1590138859
HaizhenWang1,@CNN,@EMatlhaku @CNN the truth will slap your face.,2020-05-22 09:14:19,0.4404,0.394,0.0,0.606,1590138859
MeteSt239,@CNN,@HongKongFP Unlimited freedom to the Uyghur Turkish Nation and Hong Kong people who are oppressed under the Chinese persecution ... Freedom.   @Tesla @thetimes @nytimes @DailyChinaNews @realDonaldTrump @FLOTUS @CNN,2020-05-22 09:14:18,0.743,0.23,0.085,0.685,1590138858
DipsonGiri1,@CNN,RT @CNN: President Donald Trump announced Thursday that flags on federal buildings will be lowered to half-staff over the coming days to ho‚Ä¶,2020-05-22 09:14:18,-0.128,0.0,0.064,0.936,1590138858
HKersFightCCP,@CNN,RT @CNN: Hong Kong's Hang Seng Index dropped more than 5% on Friday after news broke that Beijing would move to pass a hugely controversial‚Ä¶,2020-05-22 09:14:18,-0.4215,0.0,0.104,0.896,1590138858
MAC37560474,@CNN,RT @CNN: President Donald Trump announced Thursday that flags on federal buildings will be lowered to half-staff over the coming days to ho‚Ä¶,2020-05-22 09:14:17,-0.128,0.0,0.064,0.936,1590138857
Pal3Z,@CNN,"RT @ananavarro: For months, @CNN has carried almost 24/7 sobering Covid-news. A few minutes of friendly bantering b/w 2 brothers w/high-pro‚Ä¶",2020-05-22 09:14:16,0.3976,0.135,0.064,0.801,1590138856
Giganto50299080,@CNN,"@CNN Yes kids, be a gold digger porn star and get on in tbe world",2020-05-22 09:14:16,0.4019,0.162,0.0,0.838,1590138856
ann_delle,@CNN,@CNN Where is Pence? Haven't seen him lately.,2020-05-22 09:14:14,0.0,0.0,0.0,1.0,1590138854
BraundaKuntsch3,@CNN,RT @CNN: The director-general of the World Health Organization on Wednesday said that more cases had been reported to the agency in the pas‚Ä¶,2020-05-22 09:14:14,0.0,0.0,0.0,1.0,1590138854
MNyalama,@CNN,"RT @CNN: Scientists have created a mouse embryo that's part human ‚Äî 4% to be exact.

This human-mouse chimera has by far the highest number‚Ä¶",2020-05-22 09:14:11,0.25,0.077,0.0,0.923,1590138851
TonyMerriman2,@CNN,"@thankyouhinkie @CNN It‚Äôs about the economy. To encourage more domestic tourism. NZ has squashed covid. 
Do your homework bro.",2020-05-22 09:14:10,0.5106,0.155,0.0,0.845,1590138850
BillEsteem,@CNN,"RT @CNN: ""You have been so strong and I am proud of the examples you have become."" 

First lady Melania Trump thanked students for adapting‚Ä¶",2020-05-22 09:14:09,0.8818,0.318,0.0,0.682,1590138849
scagle1911,@CNN,RT @CNN: First lady Melania Trump thanked students for helping to keep the country safe and acknowledged recent changes they‚Äôve had to make‚Ä¶,2020-05-22 09:14:08,0.7906,0.286,0.0,0.714,1590138848
19bigsister72,@CNN,RT @JaniceDean: @ananavarro @CNN One guy faked his own quarantine. The other guy let recovering Covid patients back into nursing homes whic‚Ä¶,2020-05-22 09:14:07,0.0,0.0,0.0,1.0,1590138847
MaduabuchiOnye6,@CNN,"RT @Chazdonn: @MaziNnamdiKanu @NGRPresident @WHO History is profitable to learn. Thanks to Mazi Nnamdi Kanu, our great Teacher and Liberato‚Ä¶",2020-05-22 09:13:59,0.872,0.368,0.0,0.632,1590138839
secjr112,@CNN,"RT @NickFondacaro: Instead of asking his brother, @NYGovCuomo why he decided to pack COVID patients into nursing homes, killing untold amou‚Ä¶",2020-05-22 09:13:59,-0.6597,0.0,0.18,0.82,1590138839
LiberatedBhakt,@CNN,@CNN @BrutIndia @HBO @iamjohnoliver https://t.co/wa6RVZbDOy,2020-05-22 09:13:57,0.0,0.0,0.0,1.0,1590138837
RealJWT,@CNN,@ananavarro @CNN Great advice. No one is watching üëçüèª,2020-05-22 09:13:55,0.4404,0.237,0.127,0.636,1590138835
dustmagnet2017,@CNN,@EspenFourOne4 @CNN common sense,2020-05-22 09:13:54,0.0,0.0,0.0,1.0,1590138834
samutsakhonjeff,@CNN,@roastbeef69 @BBCWorld @CNN @SkyNews Don‚Äôt understand why he would film it ? Detroit will get him.,2020-05-22 09:13:54,0.0,0.0,0.0,1.0,1590138834
annewat80421362,@CNN,@CNN Finally!!!,2020-05-22 09:13:52,0.0,0.0,0.0,1.0,1590138832
NotYetinBC,@CNN,@CryinHillary @CNN Lol,2020-05-22 09:13:51,0.4215,0.583,0.0,0.417,1590138831
Ken45213519,@CNN,@CNN I'm sure they will appreciate greatly instead of being alive should America has a relatively decent leader üôÑüôÑüôÑ,2020-05-22 09:13:51,0.765,0.22,0.0,0.78,1590138831
ClevelandLib,@CNN,"@CNN 3 months in, 100K dead and he just does something superficial to acknowledge them.",2020-05-22 09:13:50,-0.6486,0.0,0.235,0.765,1590138830
angaukaluku,@CNN,@CNN She is classy. unlike her idiotic husband,2020-05-22 09:13:45,-0.1779,0.232,0.288,0.48,1590138825
roseanne1952,@CNN,RT @JaniceDean: @ananavarro @CNN One guy faked his own quarantine. The other guy let recovering Covid patients back into nursing homes whic‚Ä¶,2020-05-22 09:13:44,0.0,0.0,0.0,1.0,1590138824
RealFurgas,@CNN,@donteatthesnow @LanahD33 @suttleman44 @CNN And yet they are still preferable to Hillary Clinton.,2020-05-22 09:13:42,0.0,0.0,0.0,1.0,1590138822
master_5115,@CNN,@MBS_MBSKSA @realDonaldTrump @VP @SecPompeo @WhiteHouse @guardian @Independent @Telegraph @washingtonpost @TheSun @nytimes @AP @FoxNews @CNN @ABC @WSJ @thetimes @BBCWorld @Reuters ÿÆÿ∑ÿ£ https://t.co/lSgFig4QZd,2020-05-22 09:13:41,0.0,0.0,0.0,1.0,1590138821
CmdrProton,@CNN,RT @CNN: President Donald Trump announced Thursday that flags on federal buildings will be lowered to half-staff over the coming days to ho‚Ä¶,2020-05-22 09:13:41,-0.128,0.0,0.064,0.936,1590138821
TEMASWATICINISO,@CNN,"RT @CNN: As many as 50% of Facebook employees could be working remotely within the next five to 10 years, CEO Mark Zuckerberg says https://‚Ä¶",2020-05-22 09:13:41,0.0,0.0,0.0,1.0,1590138821
carnthacats,@CNN,"RT @CogitoErgoSumAu: *** A mink may have infected a human with Covid-19, Dutch authorities believe
By Mick Krever and Rob Picheta, CNN""""

T‚Ä¶",2020-05-22 09:13:40,-0.7783,0.0,0.245,0.755,1590138820
JiQed,@CNN,"@CNN Sadly, autocrat Trump ""I have absolute powers"" couldn't care less about anything or anyone else but himself.",2020-05-22 09:13:33,-0.4047,0.0,0.188,0.812,1590138813
Emi_bibe,@CNN,"RT @CNN: ""You have been so strong and I am proud of the examples you have become."" 

First lady Melania Trump thanked students for adapting‚Ä¶",2020-05-22 09:13:31,0.8818,0.318,0.0,0.682,1590138811
Greebohobbes,@CNN,@ErnieHoffmeist1 @CNN And the bleach.,2020-05-22 09:13:31,0.0,0.0,0.0,1.0,1590138811
secjr112,@CNN,RT @JaniceDean: @ananavarro @CNN One guy faked his own quarantine. The other guy let recovering Covid patients back into nursing homes whic‚Ä¶,2020-05-22 09:13:26,0.0,0.0,0.0,1.0,1590138806
slh2813,@CNN,RT @CNN: First lady Melania Trump thanked students for helping to keep the country safe and acknowledged recent changes they‚Äôve had to make‚Ä¶,2020-05-22 09:13:24,0.7906,0.286,0.0,0.714,1590138804
homestead28,@CNN,RT @TheRightMelissa: @ananavarro @CNN Gov. Cuomo sent Covid patients to die &amp; infect others in nursing homes. Thousands died. Did CNN cover‚Ä¶,2020-05-22 09:13:22,-0.8176,0.0,0.273,0.727,1590138802
CMWQuintanar,@CNN,"@JaniceDean @ananavarro @CNN So, you're blaming the Governor ofnNY for the deaths of your in laws but not the POTUS who made it impossible for NY to catch up with the spread? Where exactly are nursing home patients who are recovering but not dire supposed to go when the hospitals are full? Sorry for ur loss.",2020-05-22 09:13:22,-0.3899,0.052,0.111,0.838,1590138802
waseems16339443,@CNN,@CNN Still nothing for doctors and medical professionals ü§î military what did they do in Corona ?,2020-05-22 09:13:22,0.0,0.0,0.0,1.0,1590138802
odin0101,@CNN,@CNN Polls ? Anything to look better,2020-05-22 09:13:21,0.4404,0.326,0.0,0.674,1590138801
Greggmag,@CNN,"@CNN I like!!!
#FLOTUS https://t.co/eworkcaK6V",2020-05-22 09:13:21,0.5229,0.458,0.0,0.542,1590138801
DsJetskifast,@CNN,@TheDemocrats @KamalaHarris @MSNBC @TODAYshow @donlemon  @CNN @TheView @people @CillizzaCNN @politico @GovWhitmer What if the elderly man  was black and the vicious animal was white? Would MSM and the useless Gov Whitmere be on air 24/7 https://t.co/O8g9Ldm9xZ,2020-05-22 09:13:20,-0.6486,0.0,0.135,0.865,1590138800
ForMotionCreatv,@CNN,@CNN @BlissTabitha Bad idea. Very. üò°,2020-05-22 09:13:18,-0.5423,0.0,0.368,0.632,1590138798
JackdaSparrow1,@CNN,@CNN Who,2020-05-22 09:13:18,0.0,0.0,0.0,1.0,1590138798
Ms_Aisling,@CNN,@__MelissaHarris @ScottTobias11 @CNN you may not like her but you can't say she isn't beautiful,2020-05-22 09:13:16,-0.6979,0.0,0.308,0.692,1590138796
ehillenbrand1,@CNN,"@CincinnatusPax @JStP1990 @ananavarro @CNN Until May, CMMS reimbursement rules essentially required that hospitals discharge post-acute COVID patients, either to home or SNFs (they would not pay hospitals for the higher standard of care.  New York was following these guidelines.",2020-05-22 09:13:15,0.5417,0.108,0.0,0.892,1590138795
DigitalTrendsN1,@CNN,RT @CNN: First lady Melania Trump thanked students for helping to keep the country safe and acknowledged recent changes they‚Äôve had to make‚Ä¶,2020-05-22 09:13:14,0.7906,0.286,0.0,0.714,1590138794
KnowledgeRajesh,@CNN,"RT @KnowledgeRajesh: @observer @CNN @cnni @PTI_News

New messages are being sent",2020-05-22 09:13:05,0.0,0.0,0.0,1.0,1590138785
AnthonyPecora72,@CNN,@CNN I thought her name was #karen?,2020-05-22 09:13:05,0.0,0.0,0.0,1.0,1590138785
sandramoalla,@CNN,@JanineMaverick @Brand0nOrtiz @GaysForTrumpTN @CNN @FLOTUS Ah my bad. Shes has an alleged accusation from axl rose as a former hooker though.,2020-05-22 09:13:04,-0.6705,0.0,0.224,0.776,1590138784
angelnorth2,@CNN,@CNN It should of happened after the first death and stayed like that until the virus is gone........,2020-05-22 09:13:04,-0.34,0.112,0.174,0.714,1590138784
PRHTH,@CNN,RT @CNN: Victoria's Secret is permanently closing 250 stores in the US and Canada https://t.co/ECHjvgzbEA,2020-05-22 09:13:03,0.0,0.0,0.0,1.0,1590138783
Doc_Aybolit,@CNN,@GratiaMagnusme @RodrigoLeyenda1 @JBmarti3 @CNN @StCollinson He closed the border too late. But by the time he was boasting about closing the border to China the virus was coming here from Europe. What was Trump doing? Golfing. What did he do after? Complain. Then he held PPE as hostage.,2020-05-22 09:13:03,-0.5588,0.0,0.071,0.929,1590138783
LanahD33,@CNN,"@donteatthesnow @suttleman44 @CNN Fine than just say so. But to say F*** off. I‚Äôm sorry but that‚Äôs not how civilized people behave. I don‚Äôt have kids yet, but if I do some day, I‚Äôd want them to live in a world where communication hasn‚Äôt gone to hell in a handbasket. I‚Äôm sure even Obama would agree with that.",2020-05-22 09:13:01,-0.2023,0.131,0.114,0.755,1590138781
gensan2525,@CNN,"RT @CNN: Bugs crawling on your strawberries? That's normal, according to some experts, despite a recent TikTok trend that suggests otherwis‚Ä¶",2020-05-22 09:12:59,0.0,0.0,0.0,1.0,1590138779
Bart35091946,@CNN,RT @CNN: First lady Melania Trump thanked students for helping to keep the country safe and acknowledged recent changes they‚Äôve had to make‚Ä¶,2020-05-22 09:12:58,0.7906,0.286,0.0,0.714,1590138778
KnowledgeRajesh,@CNN,"RT @KnowledgeRajesh: @newsweek @nypost @HuffPost
@NewYorker @Salon @MSNBC @thehill 
@NPR @TODAYshow @politico 

@BBCWorld @IndiaToday @ap @‚Ä¶",2020-05-22 09:12:58,0.0,0.0,0.0,1.0,1590138778
iSuIltan,@CNN,@stormshaddoow @MBS_MBSKSA @realDonaldTrump @VP @SecPompeo @WhiteHouse @guardian @Independent @Telegraph @washingtonpost @TheSun @nytimes @AP @FoxNews @CNN @ABC @WSJ @thetimes @BBCWorld @Reuters In islam it works like that,2020-05-22 09:12:56,0.3612,0.091,0.0,0.909,1590138776
007Dufour007,@CNN,"RT @007Dufour007: @CNN hello Fans of CNNüíù

prayer for the Human family üíÉüï∫üë´üò∑üíê

I invite you to follow meüåû

My Pageü¶ä
https: //www.facebook.co‚Ä¶",2020-05-22 09:12:56,0.1531,0.036,0.0,0.964,1590138776
eduvallejo33,@CNN,"@MalaRaza3 @MariaFerTh1 @MonederoJC Es lo tiene hacer cosas ilegales, que siempre te llega tu d√≠a. Y yo lo he le√≠do de la @CNN , en Espa√±a no lo sacan. Ya ver√°s como ninguno pone un pie fuera de Espa√±a.",2020-05-22 09:12:56,-0.296,0.0,0.055,0.945,1590138776
AHeilender,@CNN,@CNN Her voice is always like a red light hotline... can't hide your nature...,2020-05-22 09:12:55,0.4621,0.251,0.0,0.749,1590138775
4mrrmcdo,@CNN,@CNN I once worked that and it was pretty good,2020-05-22 09:12:55,0.7269,0.433,0.0,0.567,1590138775
KnowledgeRajesh,@CNN,"RT @KnowledgeRajesh: @SkyNews 

@BBCWorld @IndiaToday @ap @reuters
@the_hindu @IndianExpress @observer @CNN @cnni @PTI_News

New messages a‚Ä¶",2020-05-22 09:12:53,0.0,0.0,0.0,1.0,1590138773
happy_catholic,@CNN,"RT @CNN: ""You have been so strong and I am proud of the examples you have become."" 

First lady Melania Trump thanked students for adapting‚Ä¶",2020-05-22 09:12:50,0.8818,0.318,0.0,0.682,1590138770
21douggie,@CNN,"RT @CNN: When ""Pac-Man"" debuted 40 years ago, no one could have predicted it would become the most successful arcade game of all time. But‚Ä¶",2020-05-22 09:12:50,0.4391,0.14,0.075,0.785,1590138770
JonECla29170662,@CNN,"So @yasminv @AnaCabrera @CNN @MSNBC 2 - @morningmika 2 so @TheDemocrats the answer is Joe Biden n' Val Demings or Stacy Abams? Really - who's heard of any of them - no one - has - nobody - K' good luck w/tht' - bunker hunker down n' pick a VP cause well, demographics - OK -fine.",2020-05-22 09:12:49,0.8602,0.196,0.034,0.77,1590138769
DavidZ0983wu,@CNN,"@CNN Trump is finally doing something right. I'm sure somebody else thought of it since Trump completely lacks empathy, but still, kudos to Trump for doing the right thing.",2020-05-22 09:12:49,0.7269,0.184,0.0,0.816,1590138769
DIXON_Magic,@CNN,Fake news? @ChristineRomans @LauraAJarrett @EarlyStart @CNN @JohnBerman @JohnAvlon @NewDay @abbydphillip @wolfblitzer @jaketapper @ChrisCuomo @donlemon @jimsciutto @PoppyHarlowCNN @GloriaBorger @DanaBashCNN @hilaryr @joelockhart @CharlesMBlow @keithboykin @AprilDRyan @errollouis https://t.co/bXmTqXRStm,2020-05-22 09:12:46,-0.4767,0.0,0.114,0.886,1590138766
KnowledgeRajesh,@CNN,"RT @KnowledgeRajesh: @TOIIndiaNews @timesofindia 

@BBCWorld @AP @Reuters @ReutersIndia @ReutersScience @IndianExpress @the_hindu @cnni @ob‚Ä¶",2020-05-22 09:12:46,0.0,0.0,0.0,1.0,1590138766
pckrs1,@CNN,"RT @NickFondacaro: Instead of asking his brother, @NYGovCuomo why he decided to pack COVID patients into nursing homes, killing untold amou‚Ä¶",2020-05-22 09:12:43,-0.6597,0.0,0.18,0.82,1590138763
happy_catholic,@CNN,"@CNN ""She was a long cool woman in a black dress.
Just a 5'9"" beautiful 'n' tall.
Just one look I was a bad mess
'Cause that long cool woman had it all....""  -The Hollies
üíù

#BeautifulMelania 
#LiberalWomenAreJealousOfYou",2020-05-22 09:12:42,0.3612,0.172,0.121,0.707,1590138762
KnowledgeRajesh,@CNN,"RT @KnowledgeRajesh: @AP @APWestRegion @AP_Politics
@AP_Top25 @APHealthScience @APBusiness
@AP_Politics @AP_Oddities @AP_europe
@Reuters @B‚Ä¶",2020-05-22 09:12:41,0.0,0.0,0.0,1.0,1590138761
GordonMcMillanB,@CNN,"@CNN iffy CDC... 100k will pass by Sunday that's 0.12 of the USA pop. and CDC says 0.4 die if infected means 30% of those that will die have..  that would mean 30% of pop. has been infected 100m+ so far. but its nearer 10m, thus x10 more will die making 4%, 3.5 was close the original.",2020-05-22 09:12:38,-0.8983,0.043,0.216,0.741,1590138758
arianrashid33,@CNN,RT @CNN: President Donald Trump announced Thursday that flags on federal buildings will be lowered to half-staff over the coming days to ho‚Ä¶,2020-05-22 09:12:35,-0.128,0.0,0.064,0.936,1590138755
amiako99,@CNN,"RT @mecchanikuniku: Êó•Êú¨Ë™ûË™≠„ÇÅ„ÇãÊñπ„ÅÑ„Åü„Çâ„Åú„Å≤„Åì„ÅÆ„Çª„ÇØ„Ç∑„É£„É´„Éè„É©„Çπ„É°„É≥„ÉàË°åÁÇ∫„Çí‰∏ñÁïå„Å´Â∫É„ÇÅ„Å¶„Åè„Å†„Åï„ÅÑ

@bbcnewsjapan  
@NewsAsh 
@BBCMarikoOi 
@asahipress_ee 
@CNN 

Ê≠ª„Å¨„Åì„Å®‰ª•Â§ñ„Åã„Åô„Çä„Ç≠„ÇπÔºü htt‚Ä¶",2020-05-22 09:12:33,0.0,0.0,0.0,1.0,1590138753
Don_Felipe007,@CNN,RT @draughn_deborah: @CNN üò∑üåä sleaze !!! They are perfect for each other !!! https://t.co/wuVkz7aeXz,2020-05-22 09:12:32,0.7067,0.213,0.0,0.787,1590138752
mvanessa74,@CNN,@Fercilidad @AnonClLegion @rvfradiopopular @CNN @CNNEE @24HorasTVN @T13 @Bienvenidos13 @ContigoCHV @LaRedTV @meganoticiascl @eldesconcierto @thecliniccl @El_Ciudadano @adnradiochile @chilevision @BuenosDiasTVN @thecliniccl @Cooperativa @colmedchile @DMatamala @tv_monica @tv_Amaro @jurgensenr @danielstingo @rafa_cavada,2020-05-22 09:12:32,0.0,0.0,0.0,1.0,1590138752
fendysatria_,@CNN,RT @CNN: President Donald Trump announced Thursday that flags on federal buildings will be lowered to half-staff over the coming days to ho‚Ä¶,2020-05-22 09:12:29,-0.128,0.0,0.064,0.936,1590138749
ikateufel,@CNN,RT @CNN: President Donald Trump announced Thursday that flags on federal buildings will be lowered to half-staff over the coming days to ho‚Ä¶,2020-05-22 09:12:28,-0.128,0.0,0.064,0.936,1590138748
a_dbruce,@CNN,@BishesBrew @CNN I'm guessing that IG's report had kushners name in it and pompous told trump as much. Kushner and pompous prob told trump he has to go.,2020-05-22 09:12:26,0.0,0.0,0.0,1.0,1590138746
joinbriantology,@CNN,BREAKING: biden and klobuchar camps are currently at a standstill as biden is demanding that he sniff klobuchar before finishing the vetting @JoeBiden @amyklobuchar @CNN,2020-05-22 09:12:25,-0.2263,0.0,0.073,0.927,1590138745
ms_anthr0pe,@CNN,@watsonsydaus @CNN Yup. Much more than actually wearing mask ins public. üòâüòÇü§¶üèº‚Äç‚ôÄÔ∏è,2020-05-22 09:12:25,0.4404,0.132,0.066,0.801,1590138745
SpainOutsider,@CNN,@GregorioRCh #SOSEspa√±a @LauraCNN @CNNEE @CNN yo ah√≠ veo un Pulitzer,2020-05-22 09:12:24,0.0,0.0,0.0,1.0,1590138744
IamWisdomofGod,@CNN,@CNN https://t.co/pNeB13QLbv,2020-05-22 09:12:23,0.0,0.0,0.0,1.0,1590138743
FeliesMadretsma,@CNN,"@PhilipTrucchio @CNN Sure. Imagine if Michelle had done that...really, the hypocrisy is to much when it comes to trump. Fuck off, no respect for empty head Melania. NON.",2020-05-22 09:12:23,-0.6761,0.067,0.23,0.703,1590138743
berniesoaresUH,@CNN,@TonyMerriman2 @CNN Yes I proudly am.,2020-05-22 09:12:19,0.743,0.612,0.0,0.388,1590138739
SaleemulHuq,@CNN,"RT @CNN: In new guidance for mathematical modelers and public health officials, the US Centers for Disease Control and Prevention is estima‚Ä¶",2020-05-22 09:12:17,0.0,0.0,0.0,1.0,1590138737
uniqueorn95,@CNN,RT @CNN: Victoria's Secret is permanently closing 250 stores in the US and Canada https://t.co/ECHjvgzbEA,2020-05-22 09:12:17,0.0,0.0,0.0,1.0,1590138737
ImaCanuck,@Fox,@realDonaldTrump @FoxNews Ouch @Fox your loosing your fan base here.,2020-05-22 09:14:45,0.3182,0.204,0.0,0.796,1590138885
KafkasOzgur1981,@Fox,@GuzinYildizz @fox @KucukkayaIsmail hainlik ve yalan dolan olduktan sonra nezaket olsa neye yarar nezakette var denebilirmi o da ayrƒ± mesele..ka√ßak k√∂≈ük√ß√ºler memleketi talan ettiler,2020-05-22 09:03:06,0.0,0.0,0.0,1.0,1590138186
AbizetAbuzet,@Fox,"@GuzinYildizz @fox @KucukkayaIsmail g√ºzin hanƒ±m bizim muhatap olmak zorunda kaldƒ±ƒüƒ±mƒ±z √ßiƒüliƒüe, seviyesizliƒüe, bayalƒ±ƒüa, pespayeliƒüe, banallƒ±ƒüa sizin de muhatap oluyor olu≈üunuz uzun vadede bir kazan√ß. 
bu yozla≈ümƒ±≈ü, √ß√ºr√ºm√º≈ü, koku≈ümu≈ü dilden toptan kurtulmak adƒ±na bir kazan√ß.",2020-05-22 08:48:29,0.0,0.0,0.0,1.0,1590137309
Rayifoglu,@Fox,@GuzinYildizz @fox @KucukkayaIsmail Karahasanoƒülu'nun yazƒ±larƒ±nƒ± zaman zaman okuyan biri olarak s√∂yl√ºyorum Davutoƒülu akit tv'ye gitmemeliydi.,2020-05-22 08:45:00,0.0,0.0,0.0,1.0,1590137100
VatanSever_1907,@Fox,"RT @GuzinYildizz: Akit Tv rezaletini g√∂r√ºnce eminim herkes aynƒ± ≈üeyi d√º≈ü√ºnm√º≈üt√ºr.
Daha √∂nce de s√∂yl√ºyorduk ama yinelemekte fayda var.
S√ºrek‚Ä¶",2020-05-22 08:43:48,0.0,0.0,0.0,1.0,1590137028
todem2006,@Fox,@GuzinYildizz @fox @KucukkayaIsmail G√ºzin hn bu medyayƒ± kim yarattƒ±?,2020-05-22 08:42:13,0.0,0.0,0.0,1.0,1590136933
GuzinYildizz,@Fox,"Akit Tv rezaletini g√∂r√ºnce eminim herkes aynƒ± ≈üeyi d√º≈ü√ºnm√º≈üt√ºr.
Daha √∂nce de s√∂yl√ºyorduk ama yinelemekte fayda var.
S√ºrekli muhalif diye hƒ±rpaladƒ±klarƒ± @fox ve @KucukkayaIsmail 'e kalitesi,√ºslubu ve nezaketi i√ßin te≈üekk√ºr etmek gerek. Muhalif olmak haysiyetsiz olmayƒ± gerektirmez.",2020-05-22 08:40:47,0.0,0.0,0.0,1.0,1590136847
WhicketWilliams,@Fox,We know the evil who control @fox are not going to allow any new facts out. We go to #Q when we want the skinny https://t.co/UcBeFg9Oqy,2020-05-22 08:38:46,-0.6971,0.043,0.2,0.757,1590136726
AkbabaGulzade,@Fox,RT @GLCAL29430093: #Saƒülƒ±k√ßƒ±larsahipsiz daha ne kadar g√∂rmezden geleceksiniz bizi?? @drfahrettinkoca  @RTErdogan  @BeratAlbayrak @fox @atv‚Ä¶,2020-05-22 08:15:11,0.0,0.0,0.0,1.0,1590135311
UKMTB_Chat,@Fox,"@ocallaghan_c @YT_Industries @UCI_MTB @TLD_BIKE @crankbrothers @fox @oakley @LimkLeaderSport @WhatsTheScoreLM @fxsupplements @SportingLK @e13_components @TRPcycling Good luck man, we‚Äôre rooting for you! üëäüèΩ",2020-05-22 07:56:50,0.7345,0.212,0.0,0.788,1590134210
realcardiffman,@Fox,@LisaSmith4680 @fox @dbongino @TuckerCarlson Katherine Hermes @KWoodfieldMBA - a Trumpist that only ‚Äúrespects‚Äù laws and law enforcement when convenient. Typical.,2020-05-22 07:50:44,0.0,0.0,0.0,1.0,1590133844
Snbhr121,@Fox,RT @GLCAL29430093: #Saglikcilarsahipsiz Bizlerin g√∂z√º fazlasƒ±nda deƒüil sadece hakkƒ±mƒ±z olan da artƒ±k g√∂r√ºn bizi! @drfahrettinkoca  @RTErdog‚Ä¶,2020-05-22 07:21:33,0.0,0.0,0.0,1.0,1590132093
EmreUludoan5,@Fox,RT @GLCAL29430093: #Saglikcilarsahipsiz Bizlerin g√∂z√º fazlasƒ±nda deƒüil sadece hakkƒ±mƒ±z olan da artƒ±k g√∂r√ºn bizi! @drfahrettinkoca  @RTErdog‚Ä¶,2020-05-22 07:14:00,0.0,0.0,0.0,1.0,1590131640
satanicoding,@Fox,"RT @fox: üí°here‚Äôs another reason to care about HTML: monitoring &amp; testing tools.

any tool crawling the DOM is likely to fail if the markup‚Ä¶",2020-05-22 06:55:28,-0.0772,0.104,0.114,0.782,1590130528
ali_kuruoglu732,@Fox,RT @GLCAL29430093: #Saglikcilarsahipsiz Bizlerin g√∂z√º fazlasƒ±nda deƒüil sadece hakkƒ±mƒ±z olan da artƒ±k g√∂r√ºn bizi! @drfahrettinkoca  @RTErdog‚Ä¶,2020-05-22 06:40:15,0.0,0.0,0.0,1.0,1590129615
stockulus,@Fox,"RT @fox: üí°here‚Äôs another reason to care about HTML: monitoring &amp; testing tools.

any tool crawling the DOM is likely to fail if the markup‚Ä¶",2020-05-22 06:03:26,-0.0772,0.104,0.114,0.782,1590127406
UKMTB_Chat,@Fox,@ocallaghan_c @YT_Industries @UCI_MTB @TLD_BIKE @crankbrothers @fox @oakley @LimkLeaderSport @WhatsTheScoreLM @fxsupplements @SportingLK @e13_components @TRPcycling Is racing confirmed for September dude? ü§ûüèΩ,2020-05-22 05:44:55,0.0,0.0,0.0,1.0,1590126295
UKMTB_Chat,@Fox,RT @ocallaghan_c: Great to be back in the hills after 8 weeks of Strength and Conditioning .Still long way off for Sept Race schedule @YT_I‚Ä¶,2020-05-22 05:43:17,0.8074,0.241,0.0,0.759,1590126197
Juju_rja,@Fox,"Call it what you want, but @FOX, et al has gone down hill because of the exact people @POTUS named, and a few more. There are enough #FakeNews out there. FOX was considered one of the better networks. https://t.co/Ntq7eR6xlp",2020-05-22 05:39:02,0.6124,0.119,0.0,0.881,1590125942
5dragons,@Fox,@thejtlewis @realDonaldTrump You do realise @fox is owned by Murdoch?,2020-05-22 05:32:25,0.0,0.0,0.0,1.0,1590125545
huriyevahap,@Fox,RT @busra_kat: #Saglikcilarsahipsiz Bizlerin g√∂z√º fazlasƒ±nda deƒüil sadece hakkƒ±mƒ±z olan da artƒ±k g√∂r√ºn bizi! @drfahrettinkoca  @RTErdogan‚Ä¶,2020-05-22 05:20:47,0.0,0.0,0.0,1.0,1590124847
onesimohere,@Fox,@morethanmySLE @Alyssa_Milano @Fox is getting out the vote by panicking their base,2020-05-22 05:18:53,-0.4404,0.0,0.209,0.791,1590124733
onesimohere,@Fox,"@greenhousenyt @mehdirhasan @ddale8 He has sons, @Fox exists....plenty to get started with",2020-05-22 05:15:11,0.0,0.0,0.0,1.0,1590124511
ThijsNiks,@Fox,"RT @fox: @rauchg if you liked this, you will enjoy this netflix case study I featured a while back in @perfemail. it covers the AVIF image‚Ä¶",2020-05-22 04:50:37,0.7184,0.2,0.0,0.8,1590123037
lindahornet,@Fox,RT @TimMayotte: Thanks to all the folks at @FOX,2020-05-22 04:50:33,0.4404,0.266,0.0,0.734,1590123033
elizabethriggs2,@Fox,"RT @AmCoTelegraph: Hey @CNN @MSNBC @Fox and all the other #FakeNews : when will you start covering the subhuman #JaydonHayden ?

You got WA‚Ä¶",2020-05-22 04:44:45,0.0,0.0,0.0,1.0,1590122685
FashnActivists,@Fox,@edwardharris251 @Acyn @realDonaldTrump @fox ID-BOT I‚Äôm not comparing that event to a much larger heinous event-not the point! It‚Äôs Dumps insane reaction/tweets to this when HE‚ÄôS LITERALLY the ONLY PREZ/ PERSON WHOS KILLED MORE PEOPLE in HISTORY BEC HE DIDN‚ÄôT DO HIS FUGGING JOB! Face the truth &amp; find anthr Ass to hide in!üò≥,2020-05-22 04:32:14,-0.9372,0.033,0.242,0.725,1590121934
selmauygar3,@Fox,RT @GLCAL29430093: #Saƒülƒ±k√ßƒ±larsahipsiz daha ne kadar g√∂rmezden geleceksiniz bizi?? @drfahrettinkoca  @RTErdogan  @BeratAlbayrak @fox @atv‚Ä¶,2020-05-22 04:26:05,0.0,0.0,0.0,1.0,1590121565
cscadsw,@Fox,@fox @seanhannity @WhiteHouse https://t.co/t5ipFZiel2,2020-05-22 04:21:10,0.0,0.0,0.0,1.0,1590121270
alecmunro,@Fox,"RT @fox: üí°here‚Äôs another reason to care about HTML: monitoring &amp; testing tools.

any tool crawling the DOM is likely to fail if the markup‚Ä¶",2020-05-22 04:07:47,-0.0772,0.104,0.114,0.782,1590120467
FashnActivists,@Fox,@SteveYost16 @Acyn @realDonaldTrump And THIS should be filmed and sent in to @fox! üò≥Sorry I know that seems and is insensitive ..all that goes on w him and his reactions/actions are INSANE..as I think that we are insane for allowing him to keep ‚Äúleading‚Äù us into the ground! He needed to be removed long ago!,2020-05-22 04:07:34,-0.6679,0.0,0.092,0.908,1590120454
Patty03080349,@Fox,"RT @ljlyman24: @TheLastRefuge2 Yet this is nowhere to be found ....not even @Fox, the pretend conservative network.",2020-05-22 04:06:05,-0.1027,0.0,0.08,0.92,1590120365
ljlyman24,@Fox,"@TheLastRefuge2 Yet this is nowhere to be found ....not even @Fox, the pretend conservative network.",2020-05-22 03:55:59,-0.1027,0.0,0.091,0.909,1590119759
CalBrownBear,@Fox,"RT @AdamCC75: Meet Brad Parscale.
@parscale 
Trump campaign manager. Brad is getting rich, Brad has his own yacht.

Trump is down 8pts to B‚Ä¶",2020-05-22 03:42:11,0.5574,0.135,0.0,0.865,1590118931
AwakenedMarie,@Fox,"RT @AmCoTelegraph: Hey @CNN @MSNBC @Fox and all the other #FakeNews : when will you start covering the subhuman #JaydonHayden ?

You got WA‚Ä¶",2020-05-22 03:35:32,0.0,0.0,0.0,1.0,1590118532
riblah,@Fox,"@fox yep, I wonder how often mentorship occurs because the mentor 'sees some younger version of themselves' in the mentee, obviously harder to get if you're in a minority group",2020-05-22 03:31:01,0.296,0.071,0.0,0.929,1590118261
ginapaints,@Fox,RT @LisaSmith4680: THIS is INSANITY!!!! Katherine Hermes Country Home small store has been closed down. All she was doing was FB live to pr‚Ä¶,2020-05-22 03:30:33,-0.765,0.0,0.196,0.804,1590118233
shellyj247,@Fox,@AmCoTelegraph @CNN @MSNBC @fox So true...ü§®,2020-05-22 03:30:31,0.5598,0.287,0.0,0.713,1590118231
JoCo_Princess,@Fox,@LisaSmith4680 @fox @dbongino @TuckerCarlson Murphy is on a power trip! He needs to be stopped! He‚Äôs outta control,2020-05-22 03:16:24,-0.3578,0.0,0.127,0.873,1590117384
surayareads,@Fox,"RT @yourasking4it: #savesingleparents #renewsingleparents 
@ABCNetwork
 SOMEON PICK THIS WONDERFUL SHOW UP 
@netflix
 
@hulu
 
@Fox
 YOU NE‚Ä¶",2020-05-22 03:14:42,0.7424,0.261,0.0,0.739,1590117282
m0nsterlab,@Fox,RT @LisaSmith4680: THIS is INSANITY!!!! Katherine Hermes Country Home small store has been closed down. All she was doing was FB live to pr‚Ä¶,2020-05-22 03:14:07,-0.765,0.0,0.196,0.804,1590117247
glenbacrichards,@Fox,"1421 3rd ave south sr #mn 90s cot with single jamr sayd just to many things pilled on tv Cheryl,Florida huby had same items movd last summer it singles got normal new owen very high tech intermediate Florida conectd @realDonaldTrump @GovTimWalz @nbc @cbc @bbc @fox @cbs @abc @wcco",2020-05-22 03:13:15,0.0,0.0,0.0,1.0,1590117195
KimberlyShaw81,@Fox,RT @LisaSmith4680: THIS is INSANITY!!!! Katherine Hermes Country Home small store has been closed down. All she was doing was FB live to pr‚Ä¶,2020-05-22 03:13:13,-0.765,0.0,0.196,0.804,1590117193
d3000e2c3d4e4de,@Fox,@Fox Business should have kept Trish Regan. Elizabeth McDonald doesn't even compare. I watched her show only once. I watched Trish everytime she was on.,2020-05-22 03:10:03,0.0,0.0,0.0,1.0,1590117003
FashnActivists,@Fox,@Acyn @realDonaldTrump We need to start a campaign to have EVERYONE WHOS INTERESTED  IN SHARING THEIR LAST MIN/day of life stories and send the reels to @FOX!! FAMILIES WHO WANT THE WORLD TO REMEMBER THEIR LOVED ONES &amp; this travesty OF A PREZ WHO TOOK THEM/KILLED THEM -SEND YOUR VIDEOS TO @FOX!,2020-05-22 02:55:20,0.8788,0.22,0.066,0.713,1590116120
GlobalEventMary,@Fox,Arrest him #pompeo ‚Å¶@MSNBC_Breaking‚Å© @fox ‚Å¶@kenolin1‚Å© ‚Å¶@DoD_IG‚Å© ‚Å¶@VelshiMSNBC‚Å© ‚Å¶@jaketapper‚Å©  https://t.co/50M6Ns10y1,2020-05-22 02:53:09,-0.34,0.0,0.211,0.789,1590115989
tsaeB_fo_kraM,@Fox,"#MarkOfTheBeast 

So @SenTomCotton aka @TomCottonAR aka #LittleTommyCottonmouth aka #BIGot aka #Pharisee are you a Christian or just play one on @FOX 
Tell us smart guy, what does a child of God look like? Does GOD have ‚ÄúILLEGAL‚Äù children? 
Here‚Äôs a stone privileged one! Hurl it! https://t.co/hinHg2xNke https://t.co/XjQaJooUGC",2020-05-22 02:52:38,0.9369,0.285,0.0,0.715,1590115958
callmevlad,@Fox,@fox üòÖ,2020-05-22 02:47:54,0.3612,0.385,0.0,0.615,1590115674
vega_fam510,@Fox,@peltzmadeline Lol! Trump gave @fox there nuts ü•ú back. #eatingthereown,2020-05-22 02:46:57,0.2003,0.231,0.172,0.597,1590115617
DSBLuvsDogs,@Fox,"@revrrlewis @fox is killing their audience. 
Literally.",2020-05-22 02:42:11,-0.6597,0.0,0.423,0.577,1590115331
chargergreg,@Fox,@AmCoTelegraph @CNN @MSNBC @fox When he kills someone. OH WAIT. I forgot. All deaths now are caused by the Coronavirus. #MaybeNever,2020-05-22 02:35:50,-0.5423,0.0,0.149,0.851,1590114950
chargergreg,@Fox,"RT @AmCoTelegraph: Hey @CNN @MSNBC @Fox and all the other #FakeNews : when will you start covering the subhuman #JaydonHayden ?

You got WA‚Ä¶",2020-05-22 02:34:06,0.0,0.0,0.0,1.0,1590114846
R9kBdr3yUDrwRVy,@Fox,ÂæàÂ§ö‰∫∫ÂèØËÉΩ‰ºö‰∏çËµûÂêåÔºå‰ΩÜÊòØÁ¶èÂÖãÊñØÊñ∞Èóª@FOX ÁúüÁöÑÊ≤°ÊúâÂ∏ÆÂÖ±ÂíåÂÖö‰ªÄ‰πàÔºåËÄÅÂ≠êÁöÑ11Êúà‰ªΩÂ§ßÈÄâÔºå‰ªñ‰ª¨‰∏ÄÁÇπÂøô‰πüÊ≤°Â∏Æ‰∏ä„ÄÇÂΩìÁÑ∂Á¶èÂÖãÊñØÊñ∞ÈóªÈáåËøòÊòØÊúâÊï¢ËÆ≤ÁúüËØùÁöÑ‰∫∫„ÄÇ‰ΩÜÊòØÊõ¥Â§öÁöÑËøòÊòØÈÇ£‰∫õÂûÉÂúæÁé©ÊÑèÔºåÊØîÂ¶ÇËÉ°ÂÆâ¬∑Â®ÅÂªâÊñØÔºàJuan WilliamsÔºâÔºåËàíÈªòÁëûÁâπ¬∑ÂÖãÈáåÊñØÔºàSchumerite CrisÔºâ,2020-05-22 02:33:53,0.0,0.0,0.0,1.0,1590114833
riddlewinnie1,@Fox,"@pantomath__ @realDonaldTrump Because they can't defend @realDonaldTrump &amp; is insanity, so @Fox tries to attack @JoeBiden! They have no defense",2020-05-22 02:29:30,-0.8157,0.0,0.332,0.668,1590114570
lonnie_prater,@Fox,"@realDonaldTrump OANN broadcast your entire Michigan trip. Including the discussion with the African Americans and religious leaders. @Fox was broadcasting fake polls. Trump 39 Biden 50. Never showed the round table discussion.  
It was a great discussion.",2020-05-22 02:29:19,0.25,0.097,0.073,0.829,1590114559
_saveSP,@Fox,"RT @SAVESINGLEPARE2: #savesingleparents #renewsingleparents 
@ABCNetwork
 SOMEON PICK THIS WONDERFUL SHOW UP 
@netflix
 
@hulu
 
@Fox
THERE‚Ä¶",2020-05-22 02:29:08,0.7424,0.274,0.0,0.726,1590114548
Hazzeydaz,@Fox,"RT @AmCoTelegraph: Hey @CNN @MSNBC @Fox and all the other #FakeNews : when will you start covering the subhuman #JaydonHayden ?

You got WA‚Ä¶",2020-05-22 02:28:54,0.0,0.0,0.0,1.0,1590114534
TNPats,@Fox,@CNN @MSNBC @ABC @FOX Where are YOU? Back on white crime not news worthy? https://t.co/uEmoOBrqkV,2020-05-22 02:28:08,-0.7404,0.0,0.325,0.675,1590114488
dividethe9,@Fox,"RT @AmCoTelegraph: Hey @CNN @MSNBC @Fox and all the other #FakeNews : when will you start covering the subhuman #JaydonHayden ?

You got WA‚Ä¶",2020-05-22 02:25:55,0.0,0.0,0.0,1.0,1590114355
AmCoTelegraph,@Fox,"Hey @CNN @MSNBC @Fox and all the other #FakeNews : when will you start covering the subhuman #JaydonHayden ?

You got WAY more important stuff to cover like Trump‚Äôs face mask!

I BET if the psycho abuser would have been white, abusing/brutalizing seniors of color, it‚Äôd be 24/7!",2020-05-22 02:25:01,-0.1508,0.096,0.067,0.837,1590114301
LAMOONLYNN,@Fox,RT @lcqkag2020: @realDonaldTrump @FoxNews @Fox is trash! @OANN is the only fair and honest news organization!,2020-05-22 02:24:04,0.7339,0.306,0.0,0.694,1590114244
MilitaryMom26,@Fox,"And their ridiculous polls! No Way is Biden ahead! @Fox needs to start citing the geographics, the affiliates and how many they've actually polled in order to be believable. üò† @BretBaier @TeamCavuto @marthamaccallum https://t.co/EhEbupEd01",2020-05-22 02:23:44,-0.8217,0.0,0.212,0.788,1590114224
HouseBitchTim,@Fox,@realDonaldTrump @fox #maga https://t.co/llbSWiaz7B https://t.co/hsC0xMqT36,2020-05-22 02:11:10,0.0,0.0,0.0,1.0,1590113470
kimmiintx,@Fox,@TXPSALM55 @RealMattCouch @fox *beyond lol,2020-05-22 02:08:11,0.4215,0.412,0.0,0.588,1590113291
TXPSALM55,@Fox,RT @kimmiintx: @TXPSALM55 @RealMattCouch The man has nothing else and this story has gone beyon him. He only tweets stories on @fox that ha‚Ä¶,2020-05-22 02:06:20,0.0,0.0,0.0,1.0,1590113180
vick922,@Fox,"@realDonaldTrump @FoxNews And @FOX is not SUPPOSED to help you win the godd**n election,  creep.",2020-05-22 02:05:49,0.3699,0.199,0.118,0.682,1590113149
vick922,@Fox,@realDonaldTrump @FoxNews Why is the first guy you pick on @Fox the BLACK GUY???????,2020-05-22 02:04:16,0.0,0.0,0.0,1.0,1590113056
RenahsMommy,@Fox,"RT @AdamCC75: Meet Brad Parscale.
@parscale 
Trump campaign manager. Brad is getting rich, Brad has his own yacht.

Trump is down 8pts to B‚Ä¶",2020-05-22 02:02:33,0.5574,0.135,0.0,0.865,1590112953
kimmiintx,@Fox,@TXPSALM55 @RealMattCouch The man has nothing else and this story has gone beyon him. He only tweets stories on @fox that have already aired. Nothing new.,2020-05-22 02:01:50,0.0,0.0,0.0,1.0,1590112910
gascat2002,@Fox,I never thought I would but I have stopped watching Cavuto @fox https://t.co/CCpyY3Dqew,2020-05-22 02:01:30,-0.3291,0.0,0.164,0.836,1590112890
DLloyd1943,@Fox,@atensnut I agree. Also Saturday &amp; Sunday host on @fox are even worse,2020-05-22 01:55:15,-0.1531,0.151,0.187,0.663,1590112515
SarahMcVean,@Fox,@fox This is the same for me. I have been a solo designer or worked in very small teams over my career and haven‚Äôt had anyone to teach or mentor me when it came to design. Also been a generalist. I have gaps in some of my skills and knowledge because of that.,2020-05-22 01:54:52,0.0,0.0,0.0,1.0,1590112492
katelynt830,@Fox,"RT @SAVESINGLEPARE2: #savesingleparents #renewsingleparents 
@ABCNetwork
 SOMEON PICK THIS WONDERFUL SHOW UP 
@netflix
 
@hulu
 
@Fox
 YOU‚Ä¶",2020-05-22 01:51:50,0.7424,0.274,0.0,0.726,1590112310
iamhannahellen,@Fox,@riblah @fox Absolutely. The only positive I come away with it is I think it makes better managers and better advocates out of us.,2020-05-22 01:51:32,0.8646,0.315,0.0,0.685,1590112292
Moirraines,@Fox,"@Fox @seanhannity @LouDobbs 

#FoxNews

#AsMuchAnEnemyAsAnyOtherMediaAbusers

#Fox is now the enemy who tells half truths. https://t.co/mxUp62edjP",2020-05-22 01:50:50,-0.1779,0.145,0.181,0.674,1590112250
MonicaRivpin,@Fox,"RT @AdamCC75: Meet Brad Parscale.
@parscale 
Trump campaign manager. Brad is getting rich, Brad has his own yacht.

Trump is down 8pts to B‚Ä¶",2020-05-22 01:50:16,0.5574,0.135,0.0,0.865,1590112216
Time4_Justice,@Fox,RT @aday_closer: If only my husband was high profile then the fact that the @officialfbop is intentionally killing him and threatening him‚Ä¶,2020-05-22 01:46:15,-0.8316,0.0,0.281,0.719,1590111975
CaseyDE86658915,@Fox,RT @lcqkag2020: @realDonaldTrump @FoxNews @Fox is trash! @OANN is the only fair and honest news organization!,2020-05-22 01:45:40,0.7339,0.306,0.0,0.694,1590111940
rsrn2012,@Fox,"RT @AdamCC75: Meet Brad Parscale.
@parscale 
Trump campaign manager. Brad is getting rich, Brad has his own yacht.

Trump is down 8pts to B‚Ä¶",2020-05-22 01:45:12,0.5574,0.135,0.0,0.865,1590111912
iFacilitate4,@Fox,"@seanhannity watching you is like watching Comedy Central. Hey buddy, We the People, are on fire right now - the whole country is on fire from #coronavirus - and the Fire Chief @realDonaldTrump is playing golf n letting us burn.  @FOX betrays the nation. @CNNPolitics #FakeFoxNews",2020-05-22 01:44:41,-0.5994,0.12,0.189,0.69,1590111881
sklily1,@Fox,"@MunnRlmunn @PatriotGamer77 @30_mannie @realDonaldTrump @FoxNews @fox So US elects people like Trump admitted cheat, liar and narcissist? üòÇ way to defend him",2020-05-22 01:44:26,-0.128,0.214,0.228,0.557,1590111866
lcqkag2020,@Fox,@realDonaldTrump @FoxNews @Fox is trash! @OANN is the only fair and honest news organization!,2020-05-22 01:43:36,0.7339,0.34,0.0,0.66,1590111816
grahamyoung,@Fox,@buzzusborne @fox Will do! https://t.co/9J5YyabjuY,2020-05-22 01:42:43,0.0,0.0,0.0,1.0,1590111763
PayPerReView,@Fox,RT @acpw: Before you watch #LaborOfLove on @fox tonight check out Matt Striker  @HungarianHero #DelcoMania #StarWars Day 2019 https://t.co/‚Ä¶,2020-05-22 01:40:30,0.0,0.0,0.0,1.0,1590111630
eddyman1,@Fox,"@realDonaldTrump @FoxNews Even though fox has backed you in the past maybe even they're sick of it.Your behavior has revealed the real you.@going against your own guidelines not wearing a mask bc you can get tested @will as ppl are dying for a test.
you've opened alot of eyesüëÄ@FOX",2020-05-22 01:40:30,-0.4939,0.021,0.063,0.916,1590111630
freemindss01,@Fox,"@realDonaldTrump I believe this poll, I don‚Äôt believe the polls of @fox @MSNBC @CNN their polls are so fake! They think the American people are stupid. America is awake and we are with @realDonaldTrump, No matter what!",2020-05-22 01:40:19,-0.8422,0.0,0.21,0.79,1590111619
BethFullerton2,@Fox,"RT @AdamCC75: Meet Brad Parscale.
@parscale 
Trump campaign manager. Brad is getting rich, Brad has his own yacht.

Trump is down 8pts to B‚Ä¶",2020-05-22 01:37:30,0.5574,0.135,0.0,0.865,1590111450
DanaTColeman,@Fox,"I am infuriated what happened to the mother and father-in-law of @JaniceDean at @FOX and hope she sues the hell out of the State of New York. From what I hear, she may have to stand in line.",2020-05-22 01:36:24,-0.7717,0.062,0.185,0.753,1590111384
stompintexan,@Fox,@realDonaldTrump @fox poll https://t.co/dex9j1SS96,2020-05-22 01:36:11,0.0,0.0,0.0,1.0,1590111371
riblah,@Fox,"@iamhannahellen @fox While it's comforting to know I'm not the only one, it makes me sad that it's so common. üòî",2020-05-22 01:34:34,0.046,0.162,0.118,0.72,1590111274
buzzusborne,@Fox,@trisweb @fox Haha nothing like a global pandemic to highlight an entire industry‚Äôs shortcomings üòõ Ultimately companies need to do better at internal mentorship and training programs,2020-05-22 01:32:27,0.7343,0.234,0.06,0.706,1590111147
Cummings17Troy,@Fox,@MacfannRob @FoxNews @fox @AmerMedicalAssn The AMA is an association that requires a membership to be part of. It is not a total list of physicians or a government association. Simply put the charge for membership,2020-05-22 01:31:52,0.0,0.0,0.0,1.0,1590111112
Sammysgranny,@Fox,"RT @AdamCC75: Meet Brad Parscale.
@parscale 
Trump campaign manager. Brad is getting rich, Brad has his own yacht.

Trump is down 8pts to B‚Ä¶",2020-05-22 01:31:51,0.5574,0.135,0.0,0.865,1590111111
buzzusborne,@Fox,"@grahamyoung @fox Lets talk, drop me an email hello@buzzusborne.com",2020-05-22 01:30:57,-0.2732,0.0,0.208,0.792,1590111057
JanisCJMSCJ,@Fox,"RT @AdamCC75: Meet Brad Parscale.
@parscale 
Trump campaign manager. Brad is getting rich, Brad has his own yacht.

Trump is down 8pts to B‚Ä¶",2020-05-22 01:30:55,0.5574,0.135,0.0,0.865,1590111055
iamhannahellen,@Fox,@riblah @fox Both of your comments are exactly what I‚Äôve experienced. What‚Äôs frustrating too is when you are young and less experienced you think you are the problem when that‚Äôs not the case at all!,2020-05-22 01:30:28,-0.7088,0.0,0.151,0.849,1590111028
HeatherLMo,@Fox,@TheDeniseFolsom @BleacherReport @tnt @nbc @CBS @ABC @fox Exactly! @PhilMickelson wish I could watch.,2020-05-22 01:29:20,0.4574,0.2,0.0,0.8,1590110960
Socratic1,@Fox,@JoshuaPotash @TuckerCarlson is endangering people‚Äôs lives by spreading lies.  @FOX should be put on notice that he‚Äôs using his public persona making proven inaccurate statements that could kill people.  There is irrefutable data from 50 states.  #BoycottFOX,2020-05-22 01:25:38,-0.8176,0.0,0.176,0.824,1590110738
trisweb,@Fox,@buzzusborne @fox Yep. That's kind of a problem right now then...,2020-05-22 01:24:53,-0.128,0.158,0.194,0.647,1590110693
grahamyoung,@Fox,@buzzusborne @fox How do I get in the being mentored by Buzz club?,2020-05-22 01:23:57,0.0,0.0,0.0,1.0,1590110637
jpschultze,@New York times,"Neither here nor in article today in @New York Times is mention of unproductive time.  Prior to pandemic, encouraged to arrive at airport 1-2 hours prior to flight; post pandemic could be 3-4 hours?!  Puts roadway infrastructure issues in perspective!! https://t.co/2D0oIEpy0V",2020-05-19 19:51:02,0.5229,0.078,0.0,0.922,1589917862
olddollarbull,@New York times,@CHSommers @nytimes I nominate the ombudsman for the @New York Times,2020-05-19 19:17:36,0.0,0.0,0.0,1.0,1589915856
